x_v2_m,z_wand_m,winkel_grad,n_saeulen,ux_erstezelle_ms,ux_rel,cp_erstezelle,p_erstezelle_Pa,anteil_ux_negativ,umag_erstezelle_ms
1.60216,0.974,-0,21,4.18558,0.139519,-0.222242,-122.511,0,5.04699
1.60616,0.974,-26.5651,21,0.716408,0.0238803,-0.55288,-304.775,0,1.40084
1.61016,0.978,-26.5651,21,3.44316,0.114772,-0.401265,-221.197,0,3.96354
1.61416,0.978,-26.5651,21,0.911583,0.0303861,-0.308819,-170.236,0.047619,1.25498
1.61816,0.982,-26.5651,21,3.67328,0.122443,-0.396281,-218.45,0,4.0228
1.62216,0.982,-26.5651,21,1.33138,0.0443794,-0.225224,-124.154,0.0952381,1.80864
1.62616,0.986,-42.1376,21,2.4815,0.0827167,-0.295209,-162.734,0.047619,3.34235
1.63016,0.989238,-26.5651,21,4.21278,0.140426,-0.0564185,-31.1007,0.047619,4.81399
1.63416,0.99,-30.7627,21,1.36341,0.045447,-0.17834,-98.3098,0.0952381,1.76756
1.63816,0.994,-26.5651,21,3.87304,0.129101,0.0992252,54.6979,0,4.41186
1.64216,0.994,-26.5651,21,0.957566,0.0319189,-0.0883943,-48.7274,0.0952381,1.57848
1.64616,0.998,-26.5651,21,3.05921,0.101974,0.0898899,49.5518,0,3.54679
1.65016,0.998,-26.5651,21,0.73745,0.0245817,0.250074,137.853,0.047619,0.989283
1.65416,1.002,-26.5651,21,2.93222,0.0977407,0.158151,87.1806,0,3.4696
1.65816,1.002,-26.5651,21,0.708858,0.0236286,0.487481,268.724,0.285714,1.91638
1.66216,1.006,-43.6028,21,1.90824,0.0636082,0.269394,148.504,0.190476,3.1217
1.66616,1.00962,-26.5651,21,3.7393,0.124643,0.343159,189.167,0.0952381,4.46805
1.67016,1.01,-28.706,21,1.17377,0.0391258,0.434399,239.463,0.0952381,1.67381
1.67416,1.014,-26.5651,21,3.47864,0.115955,0.183369,101.082,0,4.0807
1.67816,1.014,-26.5651,21,1.10921,0.0369736,0.213257,117.558,0.047619,1.74
1.68216,1.018,-26.5651,21,3.14263,0.104754,-0.0353367,-19.4794,0,3.78633
1.68616,1.018,-26.5651,21,0.901999,0.0300666,0.049105,27.0691,0.0952381,1.4739
1.69016,1.022,-26.5651,21,2.34559,0.0781865,-0.119075,-65.6401,0,3.50971
1.69416,1.022,-26.5651,21,-0.1315,-0.00438332,-0.133359,-73.5141,0.666667,1.37742
1.69816,1.026,-45,21,-0.106047,-0.00353489,-0.29268,-161.34,0.714286,1.82443
1.70216,1.03,-26.5651,21,4.18694,0.139565,-0.315157,-173.73,0,5.17734
1.70616,1.03,-24.3411,21,-0.318409,-0.0106136,-0.807458,-445.111,0.571429,0.993739
1.71016,1.03362,-26.5651,21,4.11151,0.13705,-0.436083,-240.391,0.0952381,4.79133
1.71416,1.034,-17.1985,21,0.903495,0.0301165,-0.57517,-317.062,0,1.31167
1.71816,1.0361,-26.5651,21,2.5682,0.0856068,-0.637743,-351.556,0.238095,3.2579
1.72216,1.038,-24.3411,21,2.55697,0.0852324,-0.375454,-206.969,0,2.93076
1.72616,1.03971,-26.5651,21,2.47819,0.0826063,-0.54088,-298.16,0,2.96944
1.73016,1.042,-26.5651,21,2.90488,0.0968294,-0.386985,-213.325,0,3.34934
1.73416,1.04371,-26.5651,21,2.71972,0.0906573,-0.528653,-291.42,0.047619,3.22369
1.73816,1.046,-24.3411,21,2.94557,0.0981856,-0.280101,-154.406,0.0952381,3.26792
1.74216,1.04733,-26.5651,21,2.12685,0.0708951,-0.161356,-88.9475,0,2.61498
1.74616,1.05,-24.3411,21,2.73123,0.0910411,-0.299742,-165.233,0.142857,3.26536
1.75016,1.05095,-26.5651,21,1.94659,0.0648864,0.229107,126.295,0,2.40121
1.75416,1.054,-20.8545,21,2.7048,0.0901601,-0.0283354,-15.6199,0,3.20489
1.75816,1.054,-26.5651,21,0.438172,0.0146057,0.064864,35.7563,0.190476,1.17191
1.76216,1.058,-26.5651,21,3.02367,0.100789,0.15477,85.3168,0,3.55039
1.76616,1.058,-26.5651,21,0.55156,0.0183853,-0.0344191,-18.9735,0.190476,1.07602
1.77016,1.062,-26.5651,21,3.2772,0.10924,0.16322,89.975,0,3.90912
1.77416,1.062,-26.5651,21,0.605109,0.0201703,0.111144,61.2681,0.190476,1.16197
1.77816,1.066,-26.5651,21,3.50026,0.116675,-0.0372061,-20.5099,0,4.10488
1.78216,1.066,-26.5651,21,0.838511,0.0279504,0.195099,107.548,0.047619,1.37619
1.78616,1.07,-26.5651,21,3.83725,0.127908,-0.129224,-71.2348,0,4.41822
1.79016,1.07,-26.5651,21,0.964446,0.0321482,0.208029,114.676,0.0952381,1.70091
1.79416,1.074,-26.5651,21,4.33276,0.144425,-0.370412,-204.19,0,4.83354
1.79816,1.074,-26.5651,21,1.70185,0.0567284,0.0764786,42.1588,0,2.37838
1.80216,1.078,-26.5651,21,4.50551,0.150184,-0.445347,-245.497,0,5.05768
1.80616,1.078,-26.5651,21,1.56005,0.0520017,-0.290193,-159.969,0,2.37033
1.81016,1.082,-26.5651,21,3.89913,0.129971,-0.459549,-253.326,0,4.98521
1.81416,1.082,-26.5651,21,0.295007,0.00983358,-0.766148,-422.339,0.428571,0.918412
1.81816,1.086,-26.5651,21,3.21677,0.107226,-0.360661,-198.814,0,4.2259
1.82216,1.086,-26.5651,21,-0.961752,-0.0320584,-1.10743,-610.472,0.809524,1.6285
1.82616,1.09,-26.5651,21,4.71094,0.157031,-0.80651,-444.589,0,5.65514
1.83016,1.09,-0,21,1.18402,0.0394674,-0.672422,-370.673,0.047619,2.07693
1.83416,1.09,-26.5651,21,-0.527165,-0.0175722,-1.04334,-575.143,0.714286,1.29651
1.83816,1.094,-26.5651,21,2.87759,0.0959198,-0.298498,-164.547,0,3.49698
1.84216,1.094,-26.5651,21,-0.876671,-0.0292224,-0.844707,-465.645,0.52381,2.1059
1.84616,1.098,-26.5651,21,4.44562,0.148187,-0.409712,-225.854,0,5.07532
1.85016,1.098,-17.1985,21,1.219,0.0406334,-0.774853,-427.138,0.0952381,1.74307
1.85416,1.10048,-26.5651,21,2.37655,0.0792184,-0.738627,-407.168,0.285714,4.76745
1.85816,1.102,-10.7843,21,2.49879,0.0832931,-0.0607146,-33.4689,0,2.97736
1.86216,1.102,-26.5651,21,0.260791,0.00869304,-0.697588,-384.545,0.47619,1.92452
1.86616,1.106,-26.5651,21,2.94584,0.0981948,0.235411,129.77,0,3.56476
1.87016,1.106,-26.5651,21,-0.710807,-0.0236936,-0.375767,-207.141,0.571429,2.22156
1.87416,1.11,-26.5651,21,5.07269,0.16909,-0.20585,-113.475,0,6.21084
1.87816,1.11,-0,21,1.05967,0.0353225,0.337901,186.268,0.047619,1.6427
1.88216,1.11,-26.5651,21,-0.810896,-0.0270299,-0.167523,-92.3473,0.714286,1.89145
1.88616,1.114,-26.5651,21,3.74634,0.124878,0.388846,214.351,0,4.08577
1.89016,1.114,-26.5651,21,1.54867,0.0516223,0.0321585,17.7274,0,1.91952
1.89416,1.118,-26.5651,21,5.48131,0.18271,-0.0755959,-41.6723,0,6.39885
1.89816,1.118,-19.6538,21,1.40136,0.046712,0.100267,55.272,0,2.17959
1.90216,1.12086,-26.5651,21,4.42417,0.147472,-0.480485,-264.868,0.142857,5.53954
1.90616,1.122,-8.1301,21,1.64688,0.0548961,0.0987095,54.4136,0,2.72643
1.91016,1.122,-26.5651,21,-0.62142,-0.020714,0.155042,85.4668,0.666667,2.20808
1.91416,1.126,-26.5651,21,5.81683,0.193894,-0.102743,-56.637,0,6.62471
1.91816,1.126,-0,21,1.28727,0.0429091,-0.134196,-73.9757,0.047619,2.5629
1.92216,1.126,-26.5651,21,-0.434461,-0.014482,-0.339716,-187.269,0.666667,1.31047
1.92616,1.13,-26.5651,21,5.53245,0.184415,-0.122719,-67.6488,0,6.06617
1.93016,1.13,-0,21,1.51544,0.0505148,-0.454112,-250.329,0.047619,2.74731
1.93416,1.13,-26.5651,21,-1.05296,-0.0350988,-0.968831,-534.068,0.809524,1.9203
1.93816,1.134,-26.5651,21,4.80346,0.160115,-0.0443965,-24.4736,0,5.49632
1.94216,1.134,-14.6764,21,0.106222,0.00354073,-0.663647,-365.835,0.47619,3.30157
1.94616,1.1361,-26.5651,21,3.24001,0.108,-0.862237,-475.308,0.428571,5.30149
1.95016,1.138,-13.3925,21,3.87486,0.129162,-0.223387,-123.142,0,4.57281
1.95416,1.138,-26.5651,21,-0.604124,-0.0201375,-0.771046,-425.039,0.47619,2.9563
1.95816,1.142,-26.5651,21,6.97438,0.232479,-0.420273,-231.676,0,7.61604
1.96216,1.142,-26.5651,21,3.20326,0.106775,-0.993285,-547.548,0,4.29105
1.96616,1.146,-26.5651,21,6.7957,0.226523,-0.670677,-369.71,0,7.9385
1.97016,1.146,-26.5651,21,2.37516,0.079172,-1.04331,-575.124,0.047619,3.50189
1.97416,1.15,-26.5651,21,8.39577,0.279859,-1.04107,-573.889,0,9.83472
1.97816,1.15,-0,21,2.10425,0.0701417,-0.783837,-432.09,0,2.99653
1.98216,1.15,-26.5651,21,-1.79827,-0.0599422,-1.31078,-722.565,0.809524,2.92322
1.98616,1.154,-26.5651,21,7.68987,0.256329,-0.544564,-300.191,0,8.0749
1.99016,1.154,-0,21,4.11355,0.137118,-1.08288,-596.936,0,5.20506
1.99416,1.154,-0,21,0.197716,0.00659053,-1.17494,-647.686,0.428571,1.98985
1.99816,1.154,-26.5651,21,-1.35286,-0.0450952,-1.17203,-646.081,0.904762,2.18044
2.00216,1.158,-26.5651,21,5.85938,0.195313,-1.2082,-666.022,0,6.2825
2.00616,1.158,-0,21,1.57232,0.0524105,-1.40075,-772.162,0.0952381,3.05737
2.01016,1.158,-0,21,-0.360528,-0.0120176,-0.567007,-312.563,0.47619,1.71977
2.01416,1.158,-26.5651,21,-2.21388,-0.073796,-0.603741,-332.812,1,3.28836
2.01816,1.162,-26.5651,21,5.51267,0.183756,-0.692631,-381.813,0,6.35637
2.02216,1.162,-0,21,1.65906,0.055302,-0.312076,-172.032,0.0952381,3.45609
2.02616,1.162,-26.5651,21,-2.03998,-0.0679992,-0.912461,-502.994,0.952381,2.90995
2.03016,1.166,-26.5651,21,6.5151,0.21717,-0.234218,-129.113,0,6.99371
2.03416,1.166,-0,21,4.59914,0.153305,-0.415244,-228.903,0.047619,5.93456
2.03816,1.166,-0,21,1.39699,0.0465664,-1.11115,-612.52,0.190476,3.35296
2.04216,1.166,-0,21,-0.0790168,-0.00263389,-0.231688,-127.718,0.571429,2.68525
2.04616,1.166,-26.5651,21,-2.09443,-0.0698143,0.0951646,52.4595,0.857143,3.5167
2.05016,1.17,-26.5651,21,5.20839,0.173613,-0.659938,-363.791,0,6.32294
2.05416,1.17,-0,21,2.10307,0.0701025,-0.523586,-288.627,0.285714,3.91614
2.05816,1.17,-0,21,2.51169,0.0837231,-0.508875,-280.517,0.142857,3.65866
2.06216,1.17,-0,21,2.16197,0.0720658,-0.341573,-188.292,0.142857,3.1514
2.06616,1.17,-0,21,1.03287,0.0344289,-0.435338,-239.98,0.190476,1.88478
2.07016,1.17,-9.46232,21,-0.328384,-0.0109461,-0.196329,-108.226,0.714286,1.36778
2.07416,1.17133,-26.5651,21,0.456029,0.015201,-0.292559,-161.273,0.619048,3.15951
2.07816,1.174,-18.4349,21,3.85592,0.128531,-0.304136,-167.655,0,4.36194
2.08216,1.174,-0,21,2.66673,0.0888909,-0.33098,-182.453,0.047619,3.3132
2.08616,1.174,-0,21,2.71982,0.0906606,-0.442679,-244.027,0.142857,3.54492
2.09016,1.174,-0,21,1.07904,0.035968,-0.181936,-100.292,0.047619,1.77934
2.09416,1.174,-0,21,0.0893613,0.00297871,-0.109469,-60.3448,0.428571,1.32227
2.09816,1.174,-26.5651,21,-1.60151,-0.0533838,-0.049366,-27.213,1,2.19269
2.10216,1.178,-26.5651,21,4.71882,0.157294,-0.29382,-161.968,0,4.88135
2.10616,1.178,-0,21,4.40313,0.146771,-0.661256,-364.518,0,4.74061
2.11016,1.178,-0,21,3.64473,0.121491,-0.507199,-279.593,0,4.17087
2.11416,1.178,-0,21,3.32782,0.110927,-0.366478,-202.021,0.047619,3.93003
2.11816,1.178,-0,21,1.53418,0.0511393,-0.402639,-221.955,0.0952381,2.13547
2.12216,1.178,-0,21,0.682132,0.0227377,-0.342331,-188.71,0.047619,1.56558
2.12616,1.178,-0,21,0.165959,0.00553197,-0.4953,-273.034,0.190476,1.20451
2.13016,1.178,-19.6538,21,-1.01754,-0.0339181,-0.255397,-140.788,0.809524,1.65526
2.13416,1.18086,-26.5651,21,3.4235,0.114117,-0.48901,-269.567,0.238095,4.02834
2.13816,1.182,-8.1301,21,3.97613,0.132538,-0.799133,-440.522,0,4.2341
2.14216,1.182,-0,21,3.10601,0.103534,-0.702403,-387.2,0,3.51162
2.14616,1.182,-0,21,3.51437,0.117146,-0.612388,-337.579,0,3.69824
2.15016,1.182,-0,21,3.00702,0.100234,-0.597949,-329.619,0.047619,3.26259
2.15416,1.182,-0,21,1.81398,0.060466,-0.607061,-334.643,0.0952381,2.25865
2.15816,1.182,-0,21,1.90744,0.0635812,-0.588082,-324.18,0.047619,2.14977
2.16216,1.182,-0,21,1.6217,0.0540568,-0.549777,-303.064,0.142857,2.04121
2.16616,1.182,-0,21,1.51113,0.050371,-0.585725,-322.881,0.238095,2.16726
2.17016,1.182,-0,21,1.14883,0.0382942,-0.579488,-319.443,0.285714,1.80682
2.17416,1.182,-0,21,1.38558,0.0461861,-0.609852,-336.181,0.190476,1.85908
2.17816,1.182,-0,21,1.10455,0.0368183,-0.64638,-356.317,0.238095,1.68305
2.18216,1.182,-0,21,0.946889,0.031563,-0.647645,-357.014,0.285714,1.6534
2.18616,1.182,-0,21,0.624152,0.0208051,-0.674446,-371.788,0.285714,1.19424
2.19016,1.182,-0,21,0.559671,0.0186557,-0.643935,-354.969,0.380952,1.37518
2.19416,1.182,-0,21,0.377984,0.0125995,-0.645853,-356.027,0.285714,1.13458
2.19816,1.182,-0,21,0.327689,0.010923,-0.587507,-323.863,0.333333,1.17462
2.20216,1.182,-0,21,-0.00348433,-0.000116144,-0.585741,-322.89,0.571429,1.11852
2.20616,1.182,-0,21,0.0949657,0.00316552,-0.55457,-305.706,0.52381,1.03971
2.21016,1.182,-0,21,0.156337,0.00521125,-0.597543,-329.395,0.333333,0.683326
2.21416,1.182,-0,21,-0.0668603,-0.00222868,-0.565019,-311.466,0.47619,0.883781
2.21816,1.182,-24.3411,21,-0.959872,-0.0319957,-0.393187,-216.744,0.857143,1.42819
2.22216,1.18562,-26.5651,21,1.24237,0.0414124,-0.538768,-296.996,0.285714,2.03969
2.22616,1.186,-2.72631,21,1.51054,0.0503514,-0.720561,-397.209,0.333333,2.22684
2.23016,1.186,-0,21,1.29746,0.0432487,-0.659295,-363.436,0.333333,1.81789
2.23416,1.186,-0,21,1.75481,0.0584936,-0.678346,-373.938,0.190476,2.39165
2.23816,1.186,-0,21,1.2514,0.0417134,-0.69284,-381.928,0.238095,2.11168
2.24216,1.186,-0,21,1.56954,0.052318,-0.68248,-376.217,0.285714,2.42119
2.24616,1.186,-0,21,1.38611,0.0462038,-0.699288,-385.482,0.190476,2.35931
2.25016,1.186,-0,21,1.69619,0.0565397,-0.695294,-383.281,0.285714,2.80618
2.25416,1.186,-0,21,1.53232,0.0510773,-0.658772,-363.148,0.285714,2.77117
2.25816,1.186,-0,21,2.02542,0.0675139,-0.632941,-348.909,0.285714,3.38604
2.26216,1.186,-0,21,1.87914,0.0626382,-0.634876,-349.975,0.238095,3.16747
2.26616,1.186,-0,21,2.40035,0.0800116,-0.60771,-335,0.190476,3.70408
2.27016,1.186,-0,21,1.78969,0.0596565,-0.591281,-325.944,0.238095,3.27543
2.27416,1.186,-0,21,1.82872,0.0609572,-0.581201,-320.387,0.333333,3.40972
2.27816,1.186,-0,21,1.3599,0.04533,-0.549212,-302.753,0.428571,2.66296
2.28216,1.186,-0,21,1.90625,0.0635416,-0.556091,-306.545,0.333333,3.1619
2.28616,1.186,-0,21,1.01529,0.0338429,-0.554613,-305.73,0.380952,2.36842
2.29016,1.186,-0,21,1.28342,0.0427805,-0.505334,-278.566,0.380952,2.62819
2.29416,1.186,-0,21,0.889989,0.0296663,-0.48483,-267.263,0.190476,2.12777
2.29816,1.186,-0,21,0.613728,0.0204576,-0.522919,-288.259,0,1.02364
2.30216,1.186,-0,21,0.00861727,0.000287242,-0.603895,-332.897,0.428571,1.1138
2.30616,1.186,-26.5651,21,-1.08714,-0.036238,-0.47544,-262.087,0.952381,1.63806
2.31016,1.19,-26.5651,21,3.11382,0.103794,-0.66334,-365.666,0,3.35275
2.31416,1.19,-0,21,2.5896,0.0863202,-0.727456,-401.01,0.0952381,3.05314
2.31816,1.19,-0,21,3.22095,0.107365,-0.633764,-349.363,0,3.56489
2.32216,1.19,-0,21,4.74189,0.158063,-0.686109,-378.217,0,5.05402
2.32616,1.19,-0,21,4.43675,0.147892,-0.737997,-406.821,0,4.79058
2.33016,1.19,-0,21,5.18753,0.172918,-0.665298,-366.746,0,5.60654
2.33416,1.19,-0,21,4.82189,0.16073,-0.700856,-386.347,0,5.22741
2.33816,1.19,-0,21,5.49823,0.183274,-0.71328,-393.196,0,5.87835
2.34216,1.19,-0,21,5.19838,0.173279,-0.677282,-373.352,0,5.59128
2.34616,1.19,-0,21,5.745,0.1915,-0.625785,-344.964,0,6.16682
2.35016,1.19,-0,21,5.49816,0.183272,-0.607612,-334.946,0,5.92289
2.35416,1.19,-0,21,5.75482,0.191827,-0.544916,-300.385,0,6.07527
2.35816,1.19,-0,21,5.44855,0.181618,-0.557568,-307.359,0,5.65666
2.36216,1.19,-0,21,5.95734,0.198578,-0.552322,-304.468,0,6.09866
2.36616,1.19,-0,21,5.80955,0.193652,-0.591094,-325.841,0,5.95607
2.37016,1.19,-0,21,6.30598,0.210199,-0.597527,-329.387,0,6.45844
2.37416,1.19,-0,21,6.2464,0.208213,-0.632402,-348.612,0,6.40978
2.37816,1.19,-0,21,6.68741,0.222914,-0.664806,-366.474,0,6.87878
2.38216,1.19,-0,21,6.59435,0.219812,-0.666523,-367.421,0,6.81368
2.38616,1.19,-0,21,6.88592,0.229531,-0.716397,-394.914,0,7.0941
2.39016,1.19,-0,21,6.9572,0.231907,-0.703989,-388.074,0,7.18444
2.39416,1.19,-0,21,7.22423,0.240808,-0.677654,-373.557,0,7.44883
2.39816,1.19,-0,21,7.24915,0.241638,-0.621047,-342.352,0,7.49397
2.40216,1.19,-0,21,7.44534,0.248178,-0.583264,-321.524,0,7.68236
2.40616,1.19,-0,21,7.49373,0.249791,-0.504573,-278.146,0,7.74305
2.41016,1.19,-0,21,7.65548,0.255183,-0.471342,-259.827,0,7.91928
2.41416,1.19,-0,21,7.66794,0.255598,-0.466068,-256.92,0,7.98874
2.41816,1.19,-0,21,7.92109,0.264036,-0.46579,-256.767,0,8.25506
2.42216,1.19,-0,21,7.87702,0.262567,-0.475043,-261.867,0,8.26478
2.42616,1.19,-0,21,8.01722,0.267241,-0.533336,-294.002,0,8.42522
2.43016,1.19,-0,21,7.83004,0.261001,-0.601016,-331.31,0,8.22457
2.43416,1.19,-0,21,7.96096,0.265365,-0.612704,-337.753,0,8.32889
2.43816,1.19,-0,21,7.65623,0.255208,-0.635154,-350.129,0,8.01571
2.44216,1.19,-0,21,7.76614,0.258871,-0.631411,-348.065,0,8.12264
2.44616,1.19,-0,21,7.58915,0.252972,-0.621307,-342.495,0,8.02713
2.45016,1.19,-0,21,7.79459,0.25982,-0.562262,-309.947,0,8.39039
2.45416,1.19,-0,21,7.52386,0.250795,-0.531745,-293.124,0,8.32853
2.45816,1.19,-0,21,7.84079,0.26136,-0.461067,-254.163,0,8.63981
2.46216,1.19,-0,21,7.65917,0.255306,-0.435004,-239.796,0,8.48874
2.46616,1.19,-0,21,8.04441,0.268147,-0.418988,-230.967,0,8.73686
2.47016,1.19,-0,21,8.07459,0.269153,-0.434479,-239.506,0,8.6638
2.47416,1.19,-0,21,8.53662,0.284554,-0.466884,-257.37,0,8.99544
2.47816,1.19,-0,21,8.68725,0.289575,-0.502437,-276.968,0,9.04914
2.48216,1.19,-0,21,9.14537,0.304846,-0.55152,-304.025,0,9.44869
2.48616,1.19,-0,21,9.40551,0.313517,-0.592556,-326.647,0,9.70774
2.49016,1.19,-0,21,10.1671,0.338904,-0.593063,-326.926,0,10.4844
2.49416,1.19,-0,21,10.8551,0.361838,-0.558016,-307.606,0,11.1883
2.49816,1.19,-0,21,11.7337,0.391124,-0.498768,-274.946,0,12.0731
2.50216,1.19,-0,21,12.0645,0.40215,-0.442831,-244.111,0,12.428
2.50616,1.19,-0,21,12.2661,0.408869,-0.390145,-215.067,0,12.6161
2.51016,1.19,-0,21,12.208,0.406932,-0.343558,-189.386,0,12.5281
2.51416,1.19,-0,21,12.3662,0.412208,-0.295075,-162.66,0,12.6663
2.51816,1.19,-0,21,12.2898,0.40966,-0.299622,-165.167,0,12.5872
2.52216,1.19,-0,21,12.4309,0.414363,-0.31487,-173.572,0,12.7308
2.52616,1.19,-0,21,12.2774,0.409246,-0.373867,-206.094,0,12.5831
2.53016,1.19,-0,21,12.2823,0.40941,-0.394869,-217.671,0,12.5793
2.53416,1.19,-0,21,11.9687,0.398956,-0.466514,-257.166,0,12.2892
2.53816,1.19,-0,21,11.9464,0.398213,-0.505441,-278.624,0,12.2252
2.54216,1.19,-0,21,11.666,0.388866,-0.524973,-289.391,0,11.874
2.54616,1.19,-0,21,11.6658,0.388861,-0.518847,-286.014,0,11.8287
2.55016,1.19,-0,21,11.4727,0.382423,-0.471263,-259.784,0,11.6018
2.55416,1.19,-0,21,11.5956,0.386519,-0.433831,-239.149,0,11.7169
2.55816,1.19,-0,21,11.469,0.3823,-0.420283,-231.681,0,11.5933
2.56216,1.19,-0,21,11.6199,0.387331,-0.387281,-213.488,0,11.7887
2.56616,1.19,-0,21,11.6922,0.38974,-0.32784,-180.722,0,11.912
2.57016,1.19,-0,21,12.0986,0.403287,-0.320946,-176.922,0,12.3881
2.57416,1.19,-0,21,12.3328,0.411093,-0.327278,-180.412,0,12.6941
2.57816,1.19,-0,21,12.8459,0.428196,-0.383595,-211.457,0,13.22
2.58216,1.19,-0,21,12.893,0.429767,-0.406763,-224.228,0,13.3137
2.58616,1.19,-0,21,13.0877,0.436257,-0.442173,-243.748,0,13.5423
2.59016,1.19,-0,21,12.9315,0.431051,-0.493393,-271.983,0,13.4488
2.59416,1.19,-0,21,12.9531,0.431769,-0.538719,-296.969,0,13.5143
2.59816,1.19,-0,21,12.7158,0.423859,-0.522367,-287.955,0,13.2886
2.60216,1.19,-0,21,12.6804,0.42268,-0.515066,-283.93,0,13.2215
2.60616,1.19,-0,21,12.4294,0.414312,-0.492207,-271.329,0,12.9762
2.61016,1.19,-0,21,12.5174,0.417247,-0.420875,-232.007,0,13.0758
2.61416,1.19,-0,21,12.4076,0.413587,-0.5136,-283.122,0,12.9628
2.61816,1.19,-0,21,12.5296,0.417654,-0.432617,-238.48,0,13.0176
2.62216,1.19,-0,21,12.067,0.402234,-0.376289,-207.429,0,12.6741
2.62616,1.19,-0,21,12.4136,0.413787,-0.563788,-310.788,0,12.9574
2.63016,1.19,-0,21,11.0597,0.368657,-0.511557,-281.996,0.047619,11.8794
2.63416,1.19,10.7843,21,9.30396,0.310132,-0.370417,-204.192,0,9.86891
2.63816,1.18848,26.5651,21,4.42161,0.147387,-0.505734,-278.786,0.142857,5.88229
2.64216,1.186,17.1985,21,1.14647,0.0382156,-0.501613,-276.514,0.0952381,2.97538
2.64616,1.186,-0,21,0.136603,0.00455342,-0.676281,-372.8,0.47619,2.02149
2.65016,1.186,-0,21,0.709024,0.0236341,-0.344372,-189.835,0.333333,1.95368
2.65416,1.186,-0,21,0.754556,0.0251519,-0.39698,-218.835,0.428571,2.13344
2.65816,1.186,-0,21,1.62345,0.0541151,-0.292718,-161.361,0.047619,2.44239
2.66216,1.186,-0,21,2.24,0.0746667,-0.305177,-168.229,0.142857,2.95286
2.66616,1.186,-0,21,2.47704,0.0825679,-0.314836,-173.553,0,2.95779
2.67016,1.186,-0,21,2.75801,0.0919338,-0.2932,-161.627,0.047619,3.53808
2.67416,1.186,-0,21,3.42329,0.11411,-0.321846,-177.418,0,3.78197
2.67816,1.186,-0,21,3.57729,0.119243,-0.434371,-239.447,0,4.04289
2.68216,1.186,-0,21,4.04082,0.134694,-0.507039,-279.505,0,4.38835
2.68616,1.186,-0,21,4.57592,0.152531,-0.518301,-285.713,0,4.90173
2.69016,1.186,-0,21,4.45157,0.148386,-0.485332,-267.539,0,4.77438
2.69416,1.186,-0,21,3.7583,0.125277,-0.399737,-220.355,0,4.24796
2.69816,1.186,18.4349,21,2.11766,0.0705885,-0.422139,-232.704,0,2.50923
2.70216,1.18333,26.5651,21,2.32697,0.0775656,-0.145162,-80.0204,0.047619,3.25596
2.70616,1.182,9.46232,21,0.890923,0.0296974,-0.0903333,-49.7962,0.333333,1.75127
2.71016,1.182,-0,21,0.207802,0.00692673,-0.141508,-78.0062,0.238095,0.972128
2.71416,1.182,-0,21,-0.0656352,-0.00218784,-0.153784,-84.7735,0.380952,1.05939
2.71816,1.182,-0,21,0.246293,0.00820977,-0.18852,-103.922,0.380952,1.48357
2.72216,1.182,-0,21,1.24809,0.0416029,-0.271052,-149.418,0.0952381,2.18696
2.72616,1.182,-0,21,1.84093,0.0613645,-0.28723,-158.336,0.047619,2.49599
2.73016,1.182,-0,21,1.87829,0.0626095,-0.376459,-207.523,0.047619,3.17806
2.73416,1.182,-0,21,1.57599,0.0525329,-0.348115,-191.899,0.0952381,2.80784
2.73816,1.182,8.1301,21,1.69721,0.0565737,-0.475769,-262.268,0.142857,2.29286
2.74216,1.18086,26.5651,21,1.78011,0.0593371,-0.211891,-116.805,0.142857,2.88446
2.74616,1.178,19.6538,21,2.02333,0.0674445,0.0742951,40.9552,0.0952381,2.80368
2.75016,1.178,-0,21,0.479089,0.0159696,-0.0433769,-23.9115,0.333333,1.30146
2.75416,1.178,-0,21,0.310074,0.0103358,-0.0265105,-14.6139,0.333333,1.86927
2.75816,1.178,-0,21,-0.0780548,-0.00260183,0.0567293,31.272,0.47619,1.73214
2.76216,1.178,-0,21,0.410461,0.013682,-0.0659707,-36.3664,0.333333,1.47171
2.76616,1.178,15.9454,21,0.885737,0.0295246,-0.152421,-84.0221,0.285714,1.49537
2.77016,1.17571,26.5651,21,1.84275,0.0614252,-0.108566,-59.8471,0.238095,3.14726
2.77416,1.174,12.0948,21,1.63249,0.0544164,0.00876236,4.83025,0.142857,3.58368
2.77816,1.174,-0,21,0.481351,0.016045,0.12021,66.2656,0.333333,1.69661
2.78216,1.174,-0,21,0.254475,0.00848251,-0.350973,-193.474,0.333333,1.6181
2.78616,1.174,-0,21,0.429765,0.0143255,-0.305263,-168.276,0.428571,1.82871
2.79016,1.174,10.7843,21,1.2501,0.04167,-0.221014,-121.834,0.333333,2.16119
2.79416,1.17248,26.5651,21,1.3574,0.0452467,-0.180665,-99.5914,0.238095,2.55422
2.79816,1.17,17.1985,21,1.34469,0.0448231,0.158641,87.4506,0.238095,2.32347
2.80216,1.17,-0,21,0.525565,0.0175188,-0.105531,-58.1737,0.238095,1.31051
2.80616,1.17,-0,21,-0.0049209,-0.00016403,-0.141697,-78.1107,0.571429,1.68047
2.81016,1.17,-0,21,0.0641762,0.00213921,-0.0085084,-4.69025,0.47619,2.32524
2.81416,1.17,-0,21,0.975011,0.0325004,0.171147,94.3448,0.142857,2.44319
2.81816,1.17,5.44033,21,0.729273,0.0243091,-0.111134,-61.2623,0.190476,1.87629
2.82216,1.16924,26.5651,21,0.758857,0.0252952,-0.0920617,-50.749,0.238095,2.17484
2.82616,1.166,22.0362,21,3.46732,0.115577,-0.028476,-15.6974,0.0952381,4.64194
2.83016,1.166,-0,21,0.319421,0.0106474,0.0354461,19.5396,0.333333,1.97709
2.83416,1.166,-0,21,0.243921,0.00813069,-0.284707,-156.945,0.380952,1.46635
2.83816,1.166,-0,21,-0.115644,-0.00385481,-0.28521,-157.222,0.619048,1.76817
2.84216,1.166,-0,21,0.329992,0.0109997,-0.129606,-71.4452,0.238095,1.62421
2.84616,1.166,8.1301,21,1.6654,0.0555135,-0.436775,-240.772,0.0952381,2.59527
2.85016,1.16486,26.5651,21,2.04178,0.0680595,-0.548508,-302.365,0,2.46289
2.85416,1.162,19.6538,21,2.12381,0.0707936,-0.530332,-292.346,0.047619,2.91946
2.85816,1.162,-0,21,0.0883827,0.00294609,-0.226727,-124.983,0.47619,1.0896
2.86216,1.162,-0,21,0.414023,0.0138008,-0.181696,-100.16,0.285714,1.38376
2.86616,1.162,-0,21,0.661785,0.0220595,-0.278156,-153.334,0.238095,1.61596
2.87016,1.162,-0,21,0.679144,0.0226381,-0.217371,-119.826,0.0952381,1.43335
2.87416,1.162,-0,21,1.44709,0.0482363,-0.063918,-35.2348,0.190476,2.26291
2.87816,1.162,-0,21,1.44308,0.0481026,-0.261915,-144.38,0,2.24544
2.88216,1.162,18.4349,21,1.94309,0.0647696,-0.460701,-253.962,0,2.34694
2.88616,1.15933,26.5651,21,1.51055,0.0503516,-0.781415,-430.755,0.0952381,1.99953
2.89016,1.158,9.46232,21,1.22096,0.0406986,-0.464919,-256.286,0.333333,2.14488
2.89416,1.158,-0,21,-0.0856984,-0.00285661,-0.671356,-370.085,0.428571,1.59441
2.89816,1.158,-0,21,0.314921,0.0104974,-0.963846,-531.32,0.285714,1.20861
2.90216,1.158,26.5651,21,0.727257,0.0242419,-0.587723,-323.983,0.190476,1.53272
2.90616,1.154,26.5651,21,3.22203,0.107401,-0.709217,-390.956,0.047619,4.22589
2.91016,1.154,-0,21,0.436968,0.0145656,-0.465017,-256.34,0.238095,2.10774
2.91416,1.154,-0,21,0.262926,0.0087642,-0.851425,-469.348,0.285714,1.76296
2.91816,1.154,5.44033,21,0.208991,0.00696637,-0.625835,-344.991,0.333333,1.34702
2.92216,1.15324,2.72631,21,0.29513,0.00983766,-0.258232,-142.351,0.428571,1.58842
2.92616,1.15362,-2.72631,21,1.73543,0.0578476,-0.456525,-251.659,0.0952381,2.50078
2.93016,1.15362,24.3411,21,2.06145,0.0687151,-0.835466,-460.551,0,2.31957
2.93416,1.15,24.3411,21,2.68883,0.0896278,-1.06813,-588.805,0,3.44162
2.93816,1.15,-0,21,0.125956,0.00419854,-0.502757,-277.145,0.47619,1.22313
2.94216,1.15,-0,21,0.173284,0.00577614,-0.67119,-369.994,0.285714,1.28287
2.94616,1.15,-0,21,0.254133,0.00847111,-0.870647,-479.944,0.333333,1.26142
2.95016,1.15,26.5651,21,0.844368,0.0281456,-0.610818,-336.713,0.238095,1.52464
2.95416,1.146,26.5651,21,3.04568,0.101523,-0.840051,-463.078,0,3.98109
2.95816,1.146,-0,21,0.298323,0.00994411,-0.470264,-259.233,0.380952,1.68142
2.96216,1.146,-0,21,0.41217,0.013739,-0.860448,-474.322,0.333333,1.35956
2.96616,1.146,26.5651,21,0.887131,0.029571,-0.622526,-343.167,0.238095,1.81058
2.97016,1.142,26.5651,21,0.667216,0.0222405,-0.482654,-266.063,0.238095,1.2969
2.97416,1.142,-0,21,0.1198,0.00399332,-0.173272,-95.5162,0.428571,1.4005
2.97816,1.142,-0,21,0.406736,0.0135579,-0.183344,-101.068,0.285714,1.75609
2.98216,1.142,-0,21,0.483088,0.0161029,-0.414999,-228.768,0.190476,1.91243
2.98616,1.142,26.5651,21,1.61679,0.0538929,-0.402067,-221.639,0.190476,2.58137
2.99016,1.138,26.5651,21,4.2565,0.141883,-0.261211,-143.993,0.047619,5.53914
2.99416,1.138,-0,21,1.14208,0.0380693,-0.265852,-146.551,0.0952381,3.34275
2.99816,1.138,-0,21,1.13823,0.0379411,-0.485089,-267.405,0.0952381,1.82954
3.00216,1.138,26.5651,21,0.514188,0.0171396,-0.398576,-219.715,0.380952,2.54955
3.00616,1.134,26.5651,21,4.72861,0.15762,-0.198859,-109.621,0,6.0005
3.01016,1.134,-0,21,0.566052,0.0188684,-0.0564212,-31.1022,0.380952,3.24964
3.01416,1.134,-0,21,0.904608,0.0301536,-0.338245,-186.458,0.047619,2.01521
3.01816,1.134,26.5651,21,0.649228,0.0216409,-0.367077,-202.351,0.333333,2.58487
3.02216,1.13,26.5651,21,5.14025,0.171342,0.0288033,15.8778,0,6.47242
3.02616,1.13,-0,21,0.921303,0.0307101,0.367289,202.468,0.190476,2.51946
3.03016,1.13,-0,21,1.52,0.0506667,0.10169,56.0564,0,2.47677
3.03416,1.13,26.5651,21,1.62999,0.0543329,0.0688348,37.9452,0.047619,2.56152
3.03816,1.126,26.5651,21,2.97115,0.0990384,0.0193335,10.6576,0.047619,4.2139
3.04216,1.126,-0,21,0.149271,0.0049757,0.305666,168.499,0.333333,1.67895
3.04616,1.126,-0,21,1.10421,0.0368071,0.136296,75.1332,0,1.73605
3.05016,1.126,26.5651,21,1.10287,0.0367624,-0.292201,-161.076,0.0952381,1.87119
3.05416,1.122,26.5651,21,1.00915,0.0336382,-0.218955,-120.699,0.0952381,1.47001
3.05816,1.122,-0,21,-0.087222,-0.0029074,-0.0378923,-20.8881,0.571429,0.846152
3.06216,1.122,-0,21,0.710692,0.0236897,-0.100766,-55.5474,0,1.33196
3.06616,1.122,26.5651,21,0.487121,0.0162374,-0.135822,-74.8717,0.380952,1.90834
3.07016,1.118,26.5651,21,0.933109,0.0311036,0.0282503,15.573,0.0952381,1.55378
3.07416,1.118,-0,21,-0.0975747,-0.00325249,-0.0105893,-5.83736,0.571429,0.848667
3.07816,1.118,12.0948,21,0.189044,0.00630145,-0.0020483,-1.12912,0.285714,1.03312
3.08216,1.11629,26.5651,21,1.23542,0.0411808,-0.00184848,-1.01898,0.0952381,1.9092
3.08616,1.114,15.9454,21,0.218614,0.00728713,0.0475989,26.2389,0.238095,1.18179
3.09016,1.114,-0,21,-0.109435,-0.00364785,0.0245409,13.5282,0.52381,0.801967
3.09416,1.114,26.5651,21,-0.0174359,-0.000581198,-0.251223,-138.487,0.47619,1.09523
3.09816,1.11,26.5651,21,1.01015,0.0336718,-0.405159,-223.344,0.0952381,1.52201
3.10216,1.11,-0,21,0.132664,0.00442214,-0.23387,-128.921,0.380952,0.79631
3.10616,1.11,14.6764,21,0.163353,0.00544509,-0.408623,-225.253,0.285714,1.10485
3.11016,1.1079,26.5651,21,0.729042,0.0243014,-0.418553,-230.727,0.285714,1.5881
3.11416,1.106,13.3925,21,0.142743,0.00475809,-0.357422,-197.029,0.428571,0.872934
3.11816,1.106,4.08562,21,0.058509,0.0019503,-0.267275,-147.335,0.380952,1.03517
3.12216,1.10543,26.5651,21,0.366338,0.0122113,-0.26766,-147.548,0.380952,1.18806
3.12616,1.102,23.1986,21,0.318498,0.0106166,-0.230199,-126.897,0.190476,0.958966
3.13016,1.102,1.36393,21,0.165533,0.00551776,-0.138503,-76.3496,0.190476,0.968361
3.13416,1.10181,26.5651,21,0.2572,0.00857333,-0.20476,-112.874,0.285714,1.49174
3.13816,1.098,25.4633,21,0.842408,0.0280803,-0.289344,-159.501,0.0952381,1.2379
3.14216,1.098,1.36393,21,0.0668513,0.00222838,-0.277392,-152.913,0.428571,0.821842
3.14616,1.09781,22.0362,21,0.184489,0.00614963,-0.318014,-175.305,0.333333,1.05279
3.15016,1.09476,25.4633,21,-0.144125,-0.00480416,-0.467116,-257.498,0.333333,0.852048
3.15416,1.094,5.44033,21,0.0366702,0.00122234,-0.472314,-260.363,0.333333,0.636626
3.15816,1.094,14.6764,21,0.514734,0.0171578,-0.351239,-193.621,0.333333,1.07006
3.16216,1.0919,26.5651,21,0.00522811,0.00017427,-0.363886,-200.592,0.428571,0.910216
3.16616,1.09,13.3925,21,0.405019,0.0135006,-0.476852,-262.864,0.0952381,0.604201
3.17016,1.09,12.0948,21,0.589927,0.0196642,-0.287475,-158.471,0.142857,0.885804
3.17416,1.08829,26.5651,21,0.454761,0.0151587,-0.147309,-81.2042,0.428571,0.945394
3.17816,1.086,15.9454,21,0.262687,0.00875624,-0.257472,-141.931,0.190476,0.615518
3.18216,1.086,6.78897,21,0.331713,0.0110571,-0.192782,-106.271,0.142857,0.767831
3.18616,1.08505,26.5651,21,0.525135,0.0175045,-0.0914091,-50.3893,0.285714,1.0903
3.19016,1.082,20.8545,21,0.574284,0.0191428,-0.112145,-61.8198,0.142857,0.935104
3.19416,1.082,4.08562,21,-0.0329353,-0.00109784,-0.19235,-106.033,0.428571,0.859299
3.19816,1.08143,26.5651,21,0.105106,0.00350354,-0.170507,-93.9921,0.333333,1.09745
3.20216,1.078,23.1986,21,0.386567,0.0128856,-0.137949,-76.0442,0.47619,1.17931
3.20616,1.078,1.36393,21,-0.156376,-0.00521253,-0.313397,-172.76,0.47619,0.83518
3.21016,1.07781,26.5651,21,-0.439401,-0.0146467,-0.226494,-124.855,0.714286,1.1658
3.21416,1.074,25.4633,21,0.816013,0.0272004,0.123335,67.9883,0.285714,1.44448
3.21816,1.074,9.46232,21,-0.0349007,-0.00116336,-0.082166,-45.294,0.380952,1.12264
3.22216,1.07267,26.5651,21,-0.0983853,-0.00327951,0.0689128,37.9882,0.571429,0.955855
3.22616,1.07,18.4349,21,0.178213,0.00594043,0.370802,204.404,0.428571,1.01132
3.23016,1.07,22.0362,21,-0.370552,-0.0123517,0.136117,75.0343,0.857143,1.18097
3.23416,1.06676,26.5651,21,0.220767,0.0073589,0.189201,104.297,0.47619,1.12162
3.23816,1.066,5.44033,21,-0.315019,-0.0105006,0.423546,233.48,0.666667,1.49458
3.24216,1.066,26.5651,21,-0.403344,-0.0134448,0.216269,119.219,0.666667,3.12107
3.24616,1.062,26.5651,21,-0.0689003,-0.00229668,-0.00295151,-1.62702,0.428571,1.42659
3.25016,1.062,-0,21,0.306413,0.0102138,0.241255,132.992,0.142857,1.44934
3.25416,1.062,26.5651,21,0.600723,0.0200241,0.0818851,45.1392,0.285714,2.16581
3.25816,1.058,26.5651,21,0.00381575,0.000127192,-0.150352,-82.8813,0.333333,1.71716
3.26216,1.058,4.08562,21,0.651455,0.0217152,0.146724,80.8814,0.190476,1.30841
3.26616,1.05743,26.5651,21,1.12221,0.037407,0.00377837,2.08283,0.285714,1.96513
3.27016,1.054,23.1986,21,0.218245,0.00727483,-0.212328,-117.046,0.380952,1.24964
3.27416,1.054,13.3925,21,1.16963,0.0389877,0.0907874,50.0466,0.047619,1.60404
3.27816,1.0521,26.5651,21,0.736075,0.0245358,0.0451133,24.8687,0.142857,1.15468
3.28216,1.05,14.6764,21,0.419372,0.0139791,-0.204812,-112.902,0.047619,0.741732
3.28616,1.05,26.5651,21,0.988026,0.0329342,-0.0783998,-43.2179,0.0952381,1.60956
3.29016,1.046,26.5651,21,0.250686,0.0083562,-0.209677,-115.584,0.47619,1.09415
3.29416,1.046,1.36393,21,-0.124742,-0.00415807,-0.28612,-157.724,0.52381,0.761779
3.29816,1.04581,26.5651,21,-0.352921,-0.011764,-0.27485,-151.511,0.714286,1.17128
3.30216,1.042,25.4633,21,0.274622,0.00915406,-0.386484,-213.049,0.571429,1.49079
3.30616,1.042,25.4633,21,-0.607821,-0.0202607,-0.384712,-212.072,0.809524,1.38588
3.31016,1.03819,26.5651,21,-0.0507377,-0.00169126,-0.327368,-180.462,0.619048,1.08005
3.31416,1.038,1.36393,21,-0.31432,-0.0104773,-0.324222,-178.728,0.809524,1.14922
3.31816,1.038,26.5651,21,0.0180671,0.000602235,-0.215509,-118.799,0.47619,1.17998
3.32216,1.034,26.5651,21,0.0892177,0.00297392,-0.011658,-6.42649,0.428571,1.06356
3.32616,1.034,1.36393,21,0.317085,0.0105695,-0.0403117,-22.2218,0.0952381,0.958903
3.33016,1.03381,26.5651,21,0.894353,0.0298118,0.0304294,16.7742,0,1.14394
3.33416,1.03,25.4633,21,0.106376,0.00354587,0.222349,122.57,0.285714,0.582241
3.33816,1.03,26.5651,21,0.605271,0.0201757,0.077177,42.5438,0.190476,1.05618
3.34216,1.026,26.5651,21,0.110193,0.00367311,0.124504,68.6331,0.333333,0.581892
3.34616,1.026,-0,21,0.160955,0.00536518,0.0686898,37.8652,0.380952,0.555457
3.35016,1.026,26.5651,21,0.241793,0.00805977,0.108966,60.0676,0.333333,0.972561
3.35416,1.022,26.5651,21,-0.0631238,-0.00210413,0.0783755,43.2045,0.52381,0.682679
3.35816,1.022,18.4349,21,-0.0864667,-0.00288222,0.0980414,54.0453,0.571429,0.870789
3.36216,1.01933,26.5651,21,0.119338,0.00397794,0.24249,133.672,0.619048,1.28833
3.36616,1.018,9.46232,21,-0.0112211,-0.000374035,0.141803,78.169,0.52381,0.816151
3.37016,1.018,26.5651,21,-0.16723,-0.00557432,0.176408,97.245,0.571429,0.852412
3.37416,1.014,26.5651,21,0.244965,0.00816551,0.208029,114.676,0.52381,0.778748
3.37816,1.014,10.7843,21,-0.19731,-0.00657701,0.171327,94.444,0.857143,0.73846
3.38216,1.01248,26.5651,21,-0.46858,-0.0156193,0.0321151,17.7035,0.761905,1.00589
3.38616,1.01,17.1985,21,0.0570977,0.00190326,0.0513258,28.2934,0.666667,0.884114
3.39016,1.01,26.5651,21,-0.154486,-0.00514952,0.0464138,25.5856,0.809524,1.43154
3.39416,1.006,26.5651,21,0.0965461,0.0032182,-0.142883,-78.7644,0.380952,0.648427
3.39816,1.006,15.9454,21,-0.141366,-0.00471219,0.00183536,1.01174,0.714286,0.900472
3.40216,1.00371,26.5651,21,-0.499963,-0.0166654,-0.106983,-58.9744,0.809524,1.02333
3.40616,1.002,12.0948,21,-0.297817,-0.00992722,-0.148825,-82.0396,0.571429,0.783578
3.41016,1.002,26.5651,21,-0.0595573,-0.00198524,-0.0742379,-40.9236,0.47619,1.06676
3.41416,0.998,26.5651,21,-0.0186637,-0.000622122,-0.10108,-55.7202,0.47619,0.644827
3.41816,0.998,18.4349,21,0.552574,0.0184191,-0.0943112,-51.989,0.047619,0.855754
3.42216,0.995333,26.5651,21,0.359191,0.011973,-0.0364031,-20.0672,0.238095,0.76394
3.42616,0.994,15.9454,21,0.333306,0.0111102,-0.0599422,-33.0431,0.142857,0.575776
3.43016,0.993048,26.5651,21,0.657346,0.0219115,-0.0751065,-41.4024,0.0952381,1.01393
3.43416,0.99,20.8545,21,0.188157,0.0062719,-0.025504,-14.0591,0.190476,0.423507
3.43816,0.99,20.8545,21,0.547057,0.0182352,-0.0974622,-53.726,0,0.808245
3.44216,0.986952,26.5651,21,0.15765,0.00525499,-0.139998,-77.1737,0.428571,0.582786
3.44616,0.986,19.6538,21,0.32768,0.0109227,-0.115103,-63.4505,0.047619,0.487436
3.45016,0.984095,26.5651,21,0.245565,0.0081855,-0.0618647,-34.1029,0.285714,0.775169
3.45416,0.982,14.6764,21,0.0274081,0.000913604,-0.0449014,-24.7519,0.333333,0.615569
3.45816,0.982,20.8545,21,0.682344,0.0227448,-0.0449478,-24.7775,0,0.988553
3.46216,0.978952,26.5651,21,0.222014,0.00740047,0.0747472,41.2044,0.238095,1.00165
3.46616,0.978,19.6538,21,0.316036,0.0105345,0.0141585,7.80485,0.142857,0.997835
3.47016,0.976095,26.5651,21,0.54689,0.0182297,0.0993991,54.7938,0.047619,0.817097
3.47416,0.974,19.6538,21,0.46589,0.0155297,0.123853,68.2741,0.142857,0.734746
3.47816,0.973238,23.1986,21,0.705389,0.023513,0.135984,74.9613,0.0952381,1.15264
3.48216,0.970571,22.0362,21,0.267333,0.0089111,0.176022,97.0321,0.238095,0.896345
3.48616,0.97,17.1985,21,0.607496,0.0202499,0.190781,105.168,0,1.17841
3.49016,0.968095,26.5651,21,0.324509,0.010817,0.18497,101.965,0.238095,0.891322
3.49416,0.966,19.6538,21,0.165206,0.00550686,0.171389,94.4779,0.285714,0.601254
3.49816,0.965238,23.1986,21,-0.273473,-0.00911577,0.183994,101.427,0.714286,0.70695
3.50216,0.962571,22.0362,21,-0.278605,-0.00928682,0.191104,105.346,0.714286,0.804809
3.50616,0.962,19.6538,21,-0.759554,-0.0253185,0.182402,100.549,0.904762,1.17406
3.51016,0.959714,26.5651,21,-0.388746,-0.0129582,0.0930608,51.2998,0.666667,1.75066
3.51416,0.958,17.1985,21,-0.160611,-0.00535372,0.0907494,50.0256,0.571429,1.33347
3.51816,0.957238,23.1986,21,-1.26477,-0.042159,0.0578347,31.8814,0.857143,1.87014
3.52216,0.954571,22.0362,21,-0.631201,-0.02104,-0.0879819,-48.5,0.952381,1.27484
3.52616,0.954,19.6538,21,-1.196,-0.0398666,-0.0125989,-6.94516,0.952381,1.73104
3.53016,0.951714,26.5651,21,-0.0946992,-0.00315664,-0.0620645,-34.2131,0.571429,1.5037
3.53416,0.95,17.1985,21,0.239805,0.0079935,-0.131932,-72.7273,0.380952,1.77178
3.53816,0.949238,23.1986,21,0.79245,0.026415,-0.0923002,-50.8805,0.285714,1.99457
3.54216,0.946571,22.0362,21,0.624887,0.0208296,-0.1754,-96.6893,0.285714,1.62092
3.54616,0.946,22.0362,21,0.898254,0.0299418,-0.189877,-104.67,0.190476,1.88163
3.55016,0.943333,26.5651,21,0.41857,0.0139523,-0.216253,-119.209,0.190476,1.32504
3.55416,0.942,9.46232,21,0.377434,0.0125811,-0.195957,-108.021,0.285714,0.799256
3.55816,0.942,25.4633,21,0.691295,0.0230432,-0.127461,-70.2627,0.333333,1.37287
3.56216,0.93819,26.5651,21,-0.0309984,-0.00103328,-0.106135,-58.5068,0.619048,0.79125
3.56616,0.938,19.6538,21,-0.0332153,-0.00110718,-0.0830659,-45.7901,0.428571,0.738504
3.57016,0.935333,26.5651,21,-0.0502758,-0.00167586,-0.0258683,-14.2599,0.428571,0.729989
3.57416,0.934,9.46232,21,0.126764,0.00422546,-0.0525496,-28.968,0.380952,0.399617
3.57816,0.934,26.5651,21,0.534189,0.0178063,-0.0418571,-23.0737,0.142857,0.80679
3.58216,0.93,26.5651,21,-0.00439465,-0.000146488,0.0977834,53.9031,0.52381,0.748754
3.58616,0.93,8.1301,21,-0.132122,-0.00440407,0.0308738,17.0192,0.714286,0.50854
3.59016,0.928857,26.5651,21,-0.221758,-0.00739194,0.16166,89.1153,0.809524,0.520381
3.59416,0.926,19.6538,21,0.0440506,0.00146835,0.188561,103.944,0.52381,0.432768
3.59816,0.926,24.3411,21,-0.0834317,-0.00278106,0.156944,86.5151,0.571429,0.700121
3.60216,0.922381,26.5651,21,-0.00287514,-9.58381e-05,0.234986,129.536,0.714286,0.611245
3.60616,0.922,2.72631,21,-0.0946237,-0.00315412,0.20415,112.538,0.761905,0.374406
3.61016,0.922,26.5651,21,-0.25882,-0.00862732,0.174564,96.2283,0.952381,0.455535
3.61416,0.918,26.5651,21,-0.0664876,-0.00221625,0.190296,104.901,0.714286,0.344404
3.61816,0.918,26.5651,21,-0.234119,-0.00780398,0.163788,90.288,0.952381,0.411985
3.62216,0.914,26.5651,21,-0.129638,-0.00432127,0.161323,88.9295,0.809524,0.284395
3.62616,0.914,26.5651,21,-0.360302,-0.0120101,0.145724,80.3306,0.904762,0.468913
3.63016,0.91,26.5651,21,-0.039961,-0.00133203,0.158039,87.1189,0.47619,0.356762
3.63416,0.91,26.5651,21,-0.818515,-0.0272838,0.107445,59.2288,1,1.17654
3.63816,0.906,46.3322,21,-1.02944,-0.0343146,0.0848636,46.781,0.952381,1.58051
3.64216,0.901619,51.0725,21,-1.07477,-0.0358257,0.071427,39.3741,0.952381,1.61613
3.64616,0.896095,59.3936,21,-0.650603,-0.0216868,-0.000197126,-0.108666,0.904762,1.07115
3.65016,0.888095,70.8577,21,0.156489,0.0052163,-0.0438145,-24.1528,0.428571,0.82222
3.65416,0.873048,70.0963,21,0.104796,0.00349321,0.208198,114.769,0.285714,0.476653
3.65816,0.866,41.3785,21,0.0654526,0.00218175,0.170943,94.2322,0.380952,0.383236
3.66216,0.866,-0,21,0.178474,0.00594914,0.163846,90.3199,0.238095,0.535956
3.66616,0.866,-0,21,0.307502,0.0102501,0.228135,125.76,0.142857,0.67303
3.67016,0.866,-0,21,0.427689,0.0142563,0.124557,68.6622,0.047619,0.585128
3.67416,0.866,-0,21,0.54889,0.0182963,0.10881,59.9817,0.047619,0.717135
3.67816,0.866,-0,21,0.36292,0.0120973,0.121193,66.8076,0,0.516258
3.68216,0.866,-0,21,0.229361,0.00764537,0.0933107,51.4375,0.142857,0.445201
3.68616,0.866,-0,21,0.214571,0.00715235,0.114093,62.894,0.142857,0.516139
3.69016,0.866,-0,21,0.095951,0.00319837,0.0882006,48.6206,0.47619,0.536456
3.69416,0.866,-0,21,-0.188816,-0.00629386,0.100229,55.2512,0.666667,0.582818
3.69816,0.866,-0,21,-0.265352,-0.00884507,0.175731,96.8717,0.714286,0.636142
3.70216,0.866,-0,21,-0.341183,-0.0113728,0.126727,69.8583,0.714286,0.619683
3.70616,0.866,-0,21,-0.506706,-0.0168902,0.176725,97.4197,0.952381,0.756485
3.71016,0.866,-0,21,-0.320485,-0.0106828,0.196009,108.05,0.809524,0.692379
3.71416,0.866,-0,21,-0.0952363,-0.00317454,0.1275,70.2844,0.714286,0.538395
3.71816,0.866,26.5651,21,-0.486524,-0.0162175,0.158681,87.4727,0.857143,0.712476
3.72216,0.862,26.5651,21,-0.143941,-0.00479805,0.191067,105.325,0.714286,0.405017
3.72616,0.862,-0,21,0.0257489,0.000858298,0.194149,107.024,0.52381,0.472204
3.73016,0.862,-0,21,-0.102045,-0.0034015,0.131252,72.3526,0.714286,0.541707
3.73416,0.862,-0,21,-0.638612,-0.0212871,0.166169,91.6007,0.904762,1.1388
3.73816,0.862,-0,21,-1.25251,-0.0417502,0.0713903,39.3539,1,1.67362
3.74216,0.862,-0,21,-1.47211,-0.0490702,0.104433,57.5688,1,1.86417
3.74616,0.862,-0,21,-1.53149,-0.0510495,0.0968694,53.3993,1,1.89744
3.75016,0.862,-0,21,-1.55521,-0.0518405,0.12184,67.1641,1,1.94923
3.75416,0.862,-0,21,-1.56674,-0.0522248,0.148146,81.6654,1,2.08289
3.75816,0.862,-0,21,-1.71751,-0.0572503,0.191356,105.485,1,2.47029
3.76216,0.862,-0,21,-2.17486,-0.0724954,0.21514,118.596,1,2.98176
3.76616,0.862,-0,21,-2.12842,-0.0709472,0.240707,132.69,1,2.68369
3.77016,0.862,-0,21,-1.38504,-0.0461681,0.265282,146.237,1,1.93991
3.77416,0.862,-0,21,-0.536193,-0.0178731,0.288233,158.888,0.761905,1.44151
3.77816,0.862,-0,21,-0.587628,-0.0195876,0.217432,119.86,0.761905,1.06518
3.78216,0.862,26.5651,21,-1.2242,-0.0408068,0.1115,61.4643,0.904762,1.48849
3.78616,0.858,26.5651,21,0.0816329,0.0027211,-0.0171312,-9.44355,0.428571,0.713847
3.79016,0.858,-0,21,-0.122709,-0.00409031,0.0870653,47.9947,0.666667,0.655985
3.79416,0.858,-0,21,-0.168461,-0.00561535,0.0376276,20.7422,0.809524,0.719098
3.79816,0.858,-0,21,-0.680238,-0.0226746,-0.0649397,-35.798,1,1.18573
3.80216,0.858,-0,21,-1.1529,-0.0384299,0.0241197,13.296,1,2.01791
3.80616,0.858,-0,21,-1.42052,-0.0473506,0.0137931,7.60346,1,2.3963
3.81016,0.858,-0,21,-1.64821,-0.0549402,0.0559146,30.8229,1,2.44733
3.81416,0.858,-0,21,-1.78742,-0.0595805,0.0517719,28.5393,1,2.5727
3.81816,0.858,-0,21,-2.06896,-0.0689653,0.0835678,46.0667,1,3.01255
3.82216,0.858,-0,21,-2.40471,-0.0801569,0.065309,36.0016,1,3.27816
3.82616,0.858,-0,21,-2.42249,-0.0807498,0.0153964,8.48725,1,3.18963
3.83016,0.858,-0,21,-1.85788,-0.0619293,0.0330526,18.2203,1,2.65258
3.83416,0.858,-0,21,-1.55039,-0.0516798,-0.0165849,-9.1424,1,2.40546
3.83816,0.858,-0,21,-1.28836,-0.0429453,0.0166306,9.16762,1,2.02278
3.84216,0.858,-0,21,-0.723133,-0.0241044,-0.0368549,-20.3163,1,1.51752
3.84616,0.858,-0,21,-0.236525,-0.00788417,0.0616131,33.9642,0.809524,0.769174
3.85016,0.858,26.5651,21,-0.604791,-0.0201597,-0.0413948,-22.8189,0.857143,1.04824
3.85416,0.854,26.5651,21,-0.188445,-0.00628149,-0.0237453,-13.0896,0.52381,0.728925
3.85816,0.854,-0,21,-0.0818793,-0.00272931,-0.00987381,-5.44294,0.666667,0.727633
3.86216,0.854,-0,21,-0.18541,-0.00618034,0.117673,64.867,0.571429,0.835351
3.86616,0.854,-0,21,-0.316206,-0.0105402,0.115636,63.7442,0.857143,0.901599
3.87016,0.854,-0,21,-0.475458,-0.0158486,0.104748,57.7426,0.857143,0.804936
3.87416,0.854,-0,21,-0.430813,-0.0143604,0.174934,96.4324,0.904762,0.783325
3.87816,0.854,-0,21,-0.362961,-0.0120987,0.120234,66.2788,0.857143,0.804019
3.88216,0.854,-0,21,-0.34729,-0.0115763,0.0861079,47.467,1,0.795107
3.88616,0.854,-0,21,-0.209018,-0.00696725,0.00242035,1.33422,0.952381,0.701985
3.89016,0.854,-0,21,-0.293821,-0.00979402,-0.0631114,-34.7901,0.952381,0.630328
3.89416,0.854,-0,21,-0.187994,-0.00626647,-0.0320505,-17.6678,0.666667,0.814745
3.89816,0.854,-0,21,-0.367445,-0.0122482,-0.00951622,-5.24582,0.761905,0.912852
3.90216,0.854,-0,21,-0.557779,-0.0185926,-0.0114394,-6.30596,0.952381,1.23277
3.90616,0.854,-0,21,-0.329715,-0.0109905,0.0109291,6.02465,0.761905,1.04059
3.91016,0.854,-0,21,0.020415,0.000680499,-0.0333406,-18.379,0.428571,0.672721
3.91416,0.854,26.5651,21,-0.284796,-0.00949322,0.0842907,46.4652,0.904762,0.760733
3.91816,0.85,26.5651,21,-0.0166227,-0.00055409,0.00998818,5.50598,0.47619,0.750733
3.92216,0.85,-0,21,0.0587825,0.00195942,0.0220859,12.1748,0.428571,0.942094
3.92616,0.85,-0,21,0.0694535,0.00231512,-0.023422,-12.9114,0.52381,0.836806
3.93016,0.85,-0,21,0.00514636,0.000171545,-0.0025697,-1.41655,0.428571,1.06328
3.93416,0.85,-0,21,-0.127067,-0.00423557,-0.0823127,-45.3749,0.666667,0.718653
3.93816,0.85,-0,21,-0.362609,-0.012087,-0.0438498,-24.1722,0.809524,0.750328
3.94216,0.85,-0,21,-0.516495,-0.0172165,-0.0659125,-36.3343,0.857143,0.895551
3.94616,0.85,-0,21,-0.846078,-0.0282026,-0.140744,-77.5852,0.857143,1.14178
3.95016,0.85,-0,21,-1.10314,-0.0367712,-0.0743916,-41.0084,0.857143,1.33145
3.95416,0.85,-0,21,-1.24064,-0.0413546,-0.0951545,-52.4539,1,1.49853
3.95816,0.85,-0,21,-1.40078,-0.0466927,-0.0698688,-38.5152,0.952381,1.74506
3.96216,0.85,-0,21,-1.36605,-0.045535,-0.164373,-90.6109,0.952381,1.63042
3.96616,0.85,-0,21,-0.764451,-0.0254817,0.0119258,6.5741,1,1.07064
3.97016,0.85,-0,21,-0.393088,-0.0131029,-0.00285396,-1.57324,0.761905,0.931249
3.97416,0.85,-0,21,-0.558125,-0.0186042,0.0636937,35.1111,0.857143,0.977868
3.97816,0.85,-0,21,-0.268757,-0.00895855,0.0444628,24.5101,0.666667,0.932564
3.98216,0.85,26.5651,21,-0.653281,-0.021776,0.01624,8.95233,0.714286,1.31859
3.98616,0.846,26.5651,21,-0.0316187,-0.00105396,-0.0576537,-31.7816,0.619048,0.785516
3.99016,0.846,-0,21,-0.207333,-0.0069111,-0.00468024,-2.57998,0.666667,1.03617
3.99416,0.846,-0,21,-0.225607,-0.00752024,-0.0754365,-41.5844,0.809524,0.902824
3.99816,0.846,-0,21,-0.292707,-0.00975691,-0.0127961,-7.05382,0.714286,0.848066
4.00216,0.846,-0,21,-0.359213,-0.0119738,0.0632069,34.8428,0.761905,0.857817
4.00616,0.846,-0,21,-0.11525,-0.00384166,0.0366174,20.1853,0.47619,0.947788
4.01016,0.846,-0,21,-0.111367,-0.00371225,0.0392752,21.6505,0.571429,0.770334
4.01416,0.846,-0,21,-0.192055,-0.00640185,0.1447,79.7658,0.761905,0.838412
4.01816,0.846,-0,21,0.0272723,0.000909077,0.110136,60.7127,0.428571,0.917316
4.02216,0.846,-10.7843,21,0.293792,0.00979305,0.0189043,10.421,0.0952381,0.723425
4.02616,0.847524,-26.5651,21,0.173202,0.00577339,0.0734713,40.501,0.333333,0.897586
4.03016,0.85,-17.1985,21,0.212214,0.00707379,0.0503738,27.7686,0.238095,0.82605
4.03416,0.85,-0,21,0.23279,0.00775967,0.00204729,1.12857,0.285714,0.874532
4.03816,0.85,-0,21,0.123029,0.00410096,0.0470705,25.9476,0.333333,0.722233
4.04216,0.85,-0,21,0.00675613,0.000225204,0.09565,52.7271,0.619048,0.491069
4.04616,0.85,-8.1301,21,0.0942941,0.00314314,-0.027524,-15.1726,0.380952,0.518076
4.05016,0.851143,-26.5651,21,0.222776,0.00742586,-0.0629903,-34.7234,0.47619,0.651107
4.05416,0.854,-19.6538,21,-0.216203,-0.00720678,0.0474778,26.1722,0.666667,0.749525
4.05816,0.854,-0,21,0.232703,0.00775676,-0.0687927,-37.922,0.47619,0.917959
4.06216,0.854,-0,21,0.0845624,0.00281875,-0.0240107,-13.2359,0.47619,0.753693
4.06616,0.854,-88.4089,21,0.108494,0.00361647,0.0263974,14.5516,0.52381,0.647687
4.07016,1.142,-88.4089,21,13.3883,0.446276,0.660756,364.242,0,13.9943
4.07416,1.142,-0,21,10.0076,0.333587,-0.026052,-14.3611,0,10.9495
4.07816,1.142,-0,21,7.31498,0.243833,-0.110509,-60.9182,0,7.91565
4.08216,1.142,-0,21,8.86917,0.295639,0.210686,116.141,0,9.40117
4.08616,1.142,-0,21,9.3288,0.31096,0.332186,183.118,0,9.51323
4.09016,1.142,-0,21,9.85749,0.328583,0.243046,133.979,0,10.0112
4.09416,1.142,-0,21,10.6799,0.355996,0.326291,179.868,0,10.7789
4.09816,1.142,-0,21,10.629,0.3543,0.346144,190.812,0,10.6891
4.10216,1.142,-0,21,11.0784,0.36928,0.398074,219.438,0,11.1473
4.10616,1.142,-0,21,11.0697,0.368991,0.292814,161.414,0,11.1206
4.11016,1.142,-0,21,11.9437,0.398124,0.320709,176.791,0,11.9959
4.11416,1.142,-0,21,11.6787,0.38929,0.259615,143.113,0,11.7243
4.11816,1.142,-0,21,11.8352,0.394506,0.323217,178.173,0,11.8718
4.12216,1.142,-0,21,12.0358,0.401193,0.234551,129.296,0,12.0663
4.12616,1.142,-0,21,12.0579,0.401932,0.314798,173.532,0,12.0794
4.13016,1.142,-0,21,11.9511,0.39837,0.337392,185.987,0,11.9966
4.13416,1.142,-0,21,11.91,0.396999,0.260156,143.411,0,11.9424
4.13816,1.142,-0,21,12.1356,0.404521,0.274282,151.198,0,12.1716
4.14216,1.142,-0,21,11.6379,0.38793,0.257008,141.676,0,11.7015
4.14616,1.142,-0,21,11.4818,0.382727,0.334718,184.513,0,11.5854
4.15016,1.142,-0,21,10.5745,0.352484,0.148067,81.6218,0,10.8088
4.15416,1.142,-0,21,9.00547,0.300182,0.419675,231.346,0,9.66279
4.15816,1.142,26.5651,21,6.72729,0.224243,0.258892,142.714,0,6.97937
4.16216,1.138,26.5651,21,-3.17494,-0.105831,0.169424,93.3952,1,3.86076
4.16616,1.138,-0,21,-0.445766,-0.0148589,0.16546,91.2096,0.714286,1.93656
4.17016,1.138,-0,21,0.108348,0.0036116,0.414798,228.657,0.333333,1.21949
4.17416,1.138,-0,21,1.89582,0.063194,0.395887,218.233,0.0952381,2.586
4.17816,1.138,-0,21,0.857371,0.028579,0.286514,157.941,0.238095,1.80257
4.18216,1.138,-0,21,-0.356444,-0.0118815,0.353938,195.108,0.52381,1.24447
4.18616,1.138,-0,21,0.996969,0.0332323,0.432916,238.645,0.0952381,1.48151
4.19016,1.138,-0,21,1.89397,0.0631322,0.390497,215.262,0.047619,2.16888
4.19416,1.138,-0,21,0.901353,0.0300451,0.398501,219.674,0.142857,1.46905
4.19816,1.138,-0,21,0.361254,0.0120418,0.371462,204.768,0.190476,1.01508
4.20216,1.138,-0,21,0.543317,0.0181106,0.318232,175.425,0,0.927116
4.20616,1.138,-0,21,0.3351,0.01117,0.300642,165.729,0.285714,0.899337
4.21016,1.138,-18.4349,21,0.597588,0.0199196,0.188536,103.93,0.285714,1.18822
4.21416,1.14067,-26.5651,21,2.82401,0.0941336,0.254066,140.054,0.047619,3.00701
4.21816,1.142,-9.46232,21,2.7271,0.0909034,0.275801,152.035,0,3.07027
4.22216,1.142,-0,21,2.39515,0.0798383,0.357173,196.892,0,2.66418
4.22616,1.142,-0,21,3.01067,0.100356,0.49381,272.213,0,3.24987
4.23016,1.142,-0,21,3.42319,0.114106,0.343471,189.338,0,3.59973
4.23416,1.142,-0,21,2.56989,0.0856631,0.408787,225.344,0.047619,2.8054
4.23816,1.142,-0,21,2.00611,0.0668703,0.367029,202.325,0,2.21142
4.24216,1.142,-0,21,1.35868,0.0452895,0.345271,190.331,0.047619,1.67394
4.24616,1.142,-0,21,0.529594,0.0176531,0.295543,162.918,0,1.08883
4.25016,1.142,-0,21,0.304375,0.0101458,0.282496,155.726,0.190476,0.60496
4.25416,1.142,-26.5651,21,0.639724,0.0213241,0.282572,155.768,0.142857,1.01711
4.25816,1.146,-26.5651,21,3.54481,0.11816,0.318648,175.655,0.047619,3.68143
4.26216,1.146,-0,21,2.2536,0.0751198,0.255898,141.064,0.047619,2.73642
4.26616,1.146,-0,21,2.14069,0.0713564,0.3541,195.198,0.047619,2.66426
4.27016,1.146,-0,21,1.36905,0.045635,0.461935,254.642,0.0952381,1.81341
4.27416,1.146,-0,21,0.61437,0.020479,0.407305,224.527,0,1.10835
4.27816,1.146,-0,21,0.283876,0.00946252,0.31114,171.516,0.238095,0.709405
4.28216,1.146,-26.5651,21,0.55518,0.018506,0.399664,220.315,0.142857,0.941143
4.28616,1.15,-26.5651,21,2.93949,0.0979829,0.61571,339.41,0,3.04853
4.29016,1.15,-0,21,2.44537,0.0815124,0.361758,199.419,0.047619,2.91513
4.29416,1.15,-0,21,0.382235,0.0127412,0.11028,60.7919,0.0952381,0.997146
4.29816,1.15,-0,21,0.33159,0.011053,0.324422,178.838,0.190476,0.741338
4.30216,1.15,-26.5651,21,0.746613,0.0248871,0.380182,209.575,0.0952381,1.13632
4.30616,1.154,-26.5651,21,3.06982,0.102327,0.379415,209.153,0,3.24046
4.31016,1.154,-0,21,0.927713,0.0309238,0.221176,121.923,0.047619,1.52566
4.31416,1.154,-0,21,0.49476,0.016492,0.30846,170.039,0.0952381,0.934825
4.31816,1.154,-0,21,0.207162,0.00690539,0.483598,266.583,0.285714,0.673006
4.32216,1.154,-26.5651,21,0.601486,0.0200495,0.507078,279.527,0.238095,1.0259
4.32616,1.158,-26.5651,21,2.20369,0.0734565,0.573097,315.92,0,2.40118
4.33016,1.158,-0,21,0.645645,0.0215215,0.262181,144.527,0.047619,1.02933
4.33416,1.158,-0,21,0.125446,0.00418152,0.262128,144.498,0.333333,0.667641
4.33816,1.158,-26.5651,21,0.441793,0.0147264,0.713012,393.048,0.190476,0.851512
4.34216,1.162,-26.5651,21,2.1818,0.0727267,0.46093,254.088,0,2.35566
4.34616,1.162,-0,21,0.702147,0.0234049,0.225782,124.462,0,1.18422
4.35016,1.162,-0,21,0.208757,0.00695855,0.16405,90.4327,0.333333,0.667599
4.35416,1.162,-26.5651,21,0.924183,0.0308061,0.356035,196.264,0,1.27466
4.35816,1.166,-26.5651,21,1.68438,0.0561459,0.469391,258.752,0,2.20746
4.36216,1.166,-0,21,0.303929,0.010131,0.423034,233.198,0.380952,1.24064
4.36616,1.166,-26.5651,21,0.275702,0.00919005,0.136801,75.4117,0.238095,1.11128
4.37016,1.17,-26.5651,21,1.95143,0.0650477,0.269655,148.647,0.190476,2.54263
4.37416,1.17,-0,21,0.708682,0.0236227,0.305945,168.652,0.0952381,1.55822
4.37816,1.17,-2.72631,21,0.408348,0.0136116,0.482711,266.095,0.333333,1.44343
4.38216,1.17038,-26.5651,21,0.615587,0.0205196,0.541478,298.49,0.333333,1.44553
4.38616,1.174,-24.3411,21,0.476087,0.0158696,0.281636,155.252,0.428571,1.88302
4.39016,1.174,-63.4349,21,-0.433395,-0.0144465,0.190697,105.122,0.666667,1.56248
4.39416,1.19,-63.4349,21,12.9185,0.430618,-0.611122,-336.881,0,14.7392
4.39816,1.19,-0,21,4.75739,0.15858,-0.665109,-366.641,0,5.74221
