x_of13_m,x_v2_m,z_m,winkel_grad,n_facetten,tau_t_m2s2,cf,cp_wand,p_wand_Pa,wandabstand_m,u_erstezelle_ms
-2.20425,0.00204594,0.100528,28.048,70,-1.00846,-0.00224101,-0.341352,-188.171,0.000304259,22.0658
-2.19462,0.0116797,0.095395,27.8134,40,-1.35835,-0.00301855,-0.124071,-68.3944,0.000310096,13.1183
-2.18523,0.0210657,0.0904941,26.4406,40,-2.14677,-0.00477059,-0.314863,-173.568,0.000312515,17.9506
-2.17435,0.0319469,0.0853164,14.8323,50,-3.29465,-0.00732145,-0.718043,-395.821,0.000312406,23.2307
-2.16399,0.0423087,0.0848686,2.93111,40,-2.69935,-0.00599855,-0.446503,-246.135,0.000312405,19.2941
-2.1541,0.0521998,0.0842794,1.69123,40,-2.17632,-0.00483627,-0.29865,-164.631,0.000312474,16.7681
-2.14466,0.0616392,0.0842979,-0.307192,40,-1.55026,-0.00344503,-0.158549,-87.4004,0.000312499,13.864
-2.13511,0.0711865,0.0843812,-0.499995,40,-1.2961,-0.00288022,-0.0954725,-52.6292,0.000312496,12.7147
-2.12557,0.0807335,0.0844645,-0.499995,40,-1.24354,-0.00276342,-0.0559556,-30.8455,0.000312499,12.391
-2.11613,0.0901708,0.0845469,-0.500002,40,-1.27352,-0.00283005,-0.0282287,-15.5611,0.000312505,12.3959
-2.10624,0.100063,0.0846332,-0.500005,40,-1.31971,-0.0029327,-0.00726672,-4.00578,0.000312499,12.3823
-2.09685,0.109451,0.0847151,-0.5,40,-1.35365,-0.00300812,0.00945504,5.21209,0.000312496,12.2007
-2.08498,0.121321,0.0848187,-0.500003,60,-1.34946,-0.0029988,0.0249782,13.7692,0.000312502,11.6402
-2.07304,0.133257,0.0849229,-85.579,40,-0.120206,-0.000267124,0.0356443,19.6489,0.000312489,11.9179
-2.06255,0.143749,0.374908,-86.793,100,-0.594965,-0.00132215,0.936802,516.412,0.000316794,8.65702
-2.0547,0.151595,0.412215,-75.7467,100,-1.20689,-0.00268198,0.726311,400.379,0.000312601,14.6927
-2.04555,0.160746,0.441818,-70.8286,90,-1.91526,-0.00425614,0.467567,257.747,0.000312553,19.664
-2.03574,0.170564,0.466773,-62.0988,70,-3.56285,-0.00791745,-0.16684,-91.9704,0.000312737,29.0901
-2.02483,0.181468,0.480954,-45.4426,20,-3.92125,-0.0087139,-0.56047,-308.959,0.000312205,28.3017
-2.01542,0.190876,0.487401,-33.1811,20,-2.33762,-0.0051947,-0.189245,-104.321,0.000312609,20.4775
-2.00574,0.200561,0.493439,-31.8513,20,-1.69698,-0.00377108,-0.0634391,-34.9708,0.000312555,17.1597
-1.99604,0.210259,0.499443,-31.6451,20,-1.59016,-0.00353369,-0.027173,-14.9791,0.000312488,16.7651
-1.98633,0.219968,0.505399,-29.8375,20,-1.81218,-0.00402706,-0.0486557,-26.8214,0.000312507,18.3519
-1.97451,0.23179,0.511793,-27.9002,30,-1.64407,-0.00365349,0.0100607,5.54599,0.000312566,16.9554
-1.96362,0.242675,0.517422,-27.2209,14,-1.5199,-0.00337755,0.0605639,33.3859,0.000312556,16.2301
-1.95437,0.251931,0.522153,-27.1919,26,-1.51159,-0.00335908,0.0812374,44.7821,0.000312544,16.2114
-1.9437,0.262597,0.527657,-27.2706,20,-1.54051,-0.00342335,0.0957098,52.76,0.000312552,16.4451
-1.93348,0.272818,0.53292,-27.2459,20,-1.5848,-0.00352178,0.101027,55.6913,0.000312502,16.7855
-1.92459,0.281708,0.537498,-26.7812,20,-1.65038,-0.00366751,0.0958612,52.8435,0.000312665,17.2767
-1.91453,0.291772,0.542486,-25.7444,20,-1.68027,-0.00373393,0.090515,49.8964,0.000312636,17.4452
-1.90545,0.30085,0.546729,-24.9875,20,-1.5526,-0.00345022,0.127691,70.3898,0.000312452,16.5363
-1.89554,0.31076,0.551336,-24.9344,20,-1.474,-0.00327555,0.149512,82.4183,0.000312511,16.0614
-1.88629,0.320009,0.555636,-24.9381,20,-1.41015,-0.00313366,0.169778,93.5904,0.000312616,15.6302
-1.8767,0.329599,0.560096,-24.9452,20,-1.33322,-0.00296271,0.193867,106.869,0.000312442,15.0732
-1.86702,0.339279,0.564599,-26.7367,20,-1.18178,-0.00262617,0.231489,127.608,0.000312337,13.8958
-1.85505,0.35125,0.571003,-29.4869,30,-1.24206,-0.00276014,0.233103,128.498,0.000312418,14.5922
-1.84349,0.362813,0.577907,-9.43014,20,-1.40996,-0.00313325,0.172755,95.2312,0.000312612,16.6023
-1.83357,0.372729,0.57457,-7.11074,30,-1.16822,-0.00259604,0.283923,156.513,0.000260627,14.1041
-1.82369,0.38261,0.580377,-47.0706,30,-1.47231,-0.0032718,0.215874,119,0.000260796,16.1887
-1.81413,0.392174,0.595473,-47.234,20,-1.74687,-0.00388194,0.0846533,46.6651,0.000312506,18.6055
-1.80428,0.402023,0.601366,-30.8923,20,-1.90438,-0.00423196,0.0549302,30.2803,0.000312553,19.1232
-1.79565,0.410649,0.606527,-30.8921,20,-1.98118,-0.00440262,0.0259073,14.2814,0.000312567,19.5957
-1.78615,0.420145,0.612209,-30.8916,20,-2.08008,-0.00462241,-0.0110508,-6.09177,0.000312505,20.1987
-1.77636,0.429935,0.618066,-30.8916,20,-2.20609,-0.00490243,-0.0584466,-32.2187,0.000312415,20.9584
-1.76658,0.43972,0.62392,-30.8916,20,-2.37784,-0.0052841,-0.12218,-67.3519,0.000312279,21.9769
-1.75679,0.449506,0.629775,-30.8101,20,-2.6449,-0.00587755,-0.219636,-121.075,0.000312639,23.5227
-1.74467,0.461629,0.636985,-27.1842,30,-3.55969,-0.00791042,-0.543682,-299.705,0.000312657,28.8948
-1.73392,0.472376,0.64152,-17.6916,20,-3.78071,-0.00840159,-0.770712,-424.855,0.000312675,28.205
-1.72423,0.482069,0.643505,-11.4871,20,-2.05301,-0.00456224,-0.331722,-182.862,0.000312521,18.6394
-1.71447,0.491831,0.645474,-11.4008,20,-1.49623,-0.00332495,-0.24008,-132.344,0.00031253,15.6983
-1.7053,0.501,0.647323,-11.4001,20,-1.2405,-0.00275668,-0.181029,-99.7924,0.000312429,14.1196
-1.69551,0.510787,0.649296,-11.4004,20,-1.14275,-0.00253945,-0.142258,-78.4199,0.000312535,13.4813
-1.6857,0.520597,0.651274,-11.4007,20,-1.13324,-0.00251831,-0.115821,-63.8463,0.000312449,13.4363
-1.6768,0.529499,0.653069,-11.4005,20,-1.15593,-0.00256874,-0.0990181,-54.5837,0.000312468,13.6278
-1.66459,0.541709,0.655531,-11.4006,30,-1.19723,-0.00266051,-0.0832607,-45.8975,0.000312497,13.9721
-1.65501,0.551285,0.657462,-11.4008,10,-1.22386,-0.00271969,-0.0742333,-40.9211,0.000312655,14.2091
-1.64543,0.560871,0.659395,-11.4011,30,-1.23661,-0.00274802,-0.0672199,-37.055,0.000312572,14.3469
-1.63345,0.572845,0.66181,-11.4004,20,-1.23323,-0.0027405,-0.0589597,-32.5015,0.000312561,14.3743
-1.62367,0.582628,0.663783,-11.5406,20,-1.21011,-0.00268914,-0.0505764,-27.8803,0.000312556,14.2361
-1.6145,0.591795,0.66568,-12.3369,20,-1.16714,-0.00259364,-0.0371938,-20.5031,0.000312604,13.9273
-1.60475,0.601545,0.66792,14.393,20,-1.10665,-0.00245922,-0.0557831,-30.7504,0.000312562,14.6923
-1.59463,0.611671,0.660579,14.1309,30,-0.68726,-0.00152725,0.18943,104.423,0.000312563,12.2405
-1.58538,0.620924,0.663041,-0.407439,30,-0.792756,-0.00176168,0.190338,104.924,0.000312522,12.0576
-1.57665,0.629648,0.660707,5.41272,40,-0.55442,-0.00123205,0.327421,180.491,0.000312503,10.0108
-1.5657,0.640604,0.661177,-15.9633,50,-0.499508,-0.00111002,0.417973,230.407,0.000312612,7.7092
-1.55532,0.650982,0.66681,-22.5445,40,-0.665493,-0.00147887,0.331246,182.6,0.000312539,8.85128
-1.54555,0.66075,0.66954,-21.4983,40,-0.698441,-0.00155209,0.330337,182.098,0.000312641,8.61821
-1.53498,0.671319,0.67482,-15.4029,50,-0.903137,-0.00200697,0.236277,130.248,0.000312462,10.3742
-1.52411,0.682186,0.675445,-9.21044,40,-0.81216,-0.0018048,0.317891,175.238,0.000312456,9.6913
-1.51448,0.691816,0.678143,-15.6895,40,-0.853884,-0.00189752,0.308396,170.003,0.000312459,10.3135
-1.50516,0.701145,0.680771,-15.688,40,-0.881303,-0.00195845,0.299115,164.887,0.000312565,10.7115
-1.49551,0.710785,0.683471,-15.2739,40,-0.896366,-0.00199192,0.291397,160.632,0.000312535,10.8401
-1.48589,0.72041,0.686031,-14.3498,40,-0.904562,-0.00201014,0.286584,157.98,0.000312497,10.8274
-1.47615,0.730146,0.688424,-13.7563,40,-0.90739,-0.00201642,0.282827,155.908,0.000312432,10.7164
-1.4669,0.739404,0.690681,-8.52979,40,-0.883591,-0.00196354,0.283608,156.339,0.000312591,10.1686
-1.4558,0.750498,0.691476,-17.9072,50,-0.635272,-0.00141171,0.381338,210.213,0.00031209,8.16361
-1.44418,0.762117,0.698021,-17.8374,50,-0.94795,-0.00210656,0.173928,95.8777,0.000306962,12.2433
-1.4334,0.7729,0.698685,-8.08408,40,-0.660906,-0.00146868,0.258131,142.295,0.00030118,12.2018
-1.42399,0.782308,0.700889,-13.1118,40,-0.618411,-0.00137425,0.269271,148.436,0.000235112,11.8653
-1.41402,0.792281,0.703199,-10.7837,40,-0.717465,-0.00159437,0.284505,156.833,0.000235284,11.0122
-1.40438,0.801922,0.704624,-15.1931,40,-0.835355,-0.00185634,0.289546,159.612,0.00023472,10.1229
-1.39518,0.811125,0.708317,-37.7925,30,-1.09562,-0.00243471,0.100322,55.3025,0.000260019,12.7165
-1.38545,0.82085,0.719303,-34.2766,20,-1.70599,-0.00379108,-0.281086,-154.949,0.000312515,18.587
-1.37572,0.830577,0.721575,-12.5923,20,-1.88119,-0.00418043,-0.297939,-164.239,0.000312564,18.9378
-1.36598,0.84032,0.723652,-11.6948,20,-1.84493,-0.00409985,-0.294192,-162.173,0.000312579,18.5666
-1.35681,0.849492,0.72549,-11.2837,20,-1.7436,-0.00387466,-0.268425,-147.97,0.000312532,17.8879
-1.34638,0.85992,0.727563,-11.3072,22,-1.6831,-0.00374023,-0.255319,-140.745,0.00031249,17.5298
-1.33464,0.871656,0.729922,-11.31,28,-1.64168,-0.00364818,-0.243334,-134.138,0.000312508,17.2695
-1.32355,0.882753,0.73213,-11.2706,20,-1.61945,-0.00359877,-0.234356,-129.189,0.000312502,17.1284
-1.31368,0.892621,0.7341,-11.2892,20,-1.61102,-0.00358005,-0.228532,-125.979,0.000312507,17.0769
-1.3039,0.902399,0.736051,-11.287,20,-1.61738,-0.00359417,-0.226265,-124.729,0.000312613,17.1327
-1.29473,0.911574,0.737882,-10.9661,20,-1.65104,-0.00366899,-0.230523,-127.076,0.000312596,17.3887
-1.28478,0.921524,0.739757,-10.0869,20,-1.67093,-0.00371317,-0.236378,-130.303,0.000312532,17.4662
-1.27577,0.930527,0.741254,-9.38149,20,-1.56155,-0.00347011,-0.206697,-113.942,0.000312543,16.6591
-1.2657,0.940602,0.742909,-9.33048,20,-1.48561,-0.00330137,-0.187242,-103.217,0.000312477,16.1859
-1.25668,0.949617,0.74439,-9.3305,20,-1.44098,-0.00320218,-0.173523,-95.6545,0.000312511,15.8987
-1.24449,0.961811,0.746394,-9.33063,30,-1.39963,-0.00311029,-0.157668,-86.9143,0.000312476,15.6248
-1.23492,0.97138,0.747966,-9.33056,10,-1.37519,-0.00305598,-0.147363,-81.234,0.000312524,15.4631
-1.22539,0.980905,0.749531,-9.33067,30,-1.35768,-0.00301707,-0.137426,-75.7559,0.000312503,15.3458
-1.21317,0.993127,0.751539,-9.33038,20,-1.33918,-0.00297595,-0.126774,-69.8841,0.000312467,15.2251
-1.20419,1.00211,0.753015,-9.3305,20,-1.32809,-0.0029513,-0.119564,-65.9099,0.000312559,15.1557
-1.19408,1.01222,0.754676,-9.33066,20,-1.31923,-0.00293163,-0.113032,-62.309,0.000312535,15.1036
-1.1851,1.0212,0.756152,-9.32626,20,-1.31388,-0.00291973,-0.108309,-59.7054,0.00031255,15.0786
-1.17499,1.03131,0.757812,-9.0668,20,-1.32882,-0.00295292,-0.108154,-59.62,0.000312525,15.2168
-1.16597,1.04033,0.759205,-8.64881,20,-1.29328,-0.00287396,-0.0984725,-54.2829,0.000312571,14.9088
-1.15582,1.05048,0.760728,-8.52958,20,-1.2449,-0.00276646,-0.0851434,-46.9353,0.000312539,14.5713
-1.14451,1.06179,0.762423,-8.52775,30,-1.2126,-0.00269467,-0.0741834,-40.8936,0.000312499,14.3516
-1.13472,1.07158,0.763891,-8.5288,10,-1.19333,-0.00265183,-0.0666672,-36.7503,0.000312563,14.2201
-1.12518,1.08112,0.765323,-8.52897,30,-1.18336,-0.00262968,-0.0605688,-33.3886,0.000312496,14.1582
-1.11293,1.09337,0.767159,-8.34428,20,-1.19081,-0.00264625,-0.0579881,-31.9659,0.000312512,14.2446
-1.10376,1.10254,0.768463,-7.55081,20,-1.19922,-0.00266494,-0.0587927,-32.4095,0.000312563,14.304
-1.09443,1.11187,0.769612,-6.87563,20,-1.11972,-0.00248827,-0.0384157,-21.1766,0.000312522,13.6225
-1.08426,1.12204,0.770815,-6.74664,20,-1.04556,-0.00232348,-0.0194171,-10.7036,0.000312514,13.0674
-1.07526,1.13104,0.771879,-6.74309,20,-1.00014,-0.00222253,-0.0054483,-3.00338,0.000312466,12.7194
-1.06582,1.14048,0.772995,-6.74305,20,-0.964081,-0.0021424,0.00800708,4.4139,0.000312518,12.4334
-1.05566,1.15064,0.774197,-6.74323,20,-0.931803,-0.00207067,0.0219244,12.0858,0.000312473,12.1701
-1.04681,1.15949,0.775243,-6.74312,20,-0.91056,-0.00202347,0.0327847,18.0726,0.000312494,12.0002
-1.03657,1.16973,0.776454,-5.90847,20,-0.899664,-0.00199925,0.0425049,23.4308,0.000312585,11.9149
-1.02502,1.18128,0.777498,-3.11809,30,-0.844239,-0.00187609,0.0601517,33.1586,0.000312633,11.296
-1.01321,1.19309,0.777726,-0.903234,20,-0.408376,-0.000907501,0.146455,80.7332,0.000312523,6.74676
-1.00367,1.20263,0.777834,-0.648132,20,-0.123913,-0.000275362,0.190298,104.902,0.000312512,2.53141
-0.994129,1.21217,0.777942,-0.648149,20,0.0419229,9.31619e-05,0.215231,118.646,0.000312525,1.30169
-0.984583,1.22172,0.77805,-0.648177,20,0.0987037,0.000219342,0.23013,126.859,0.000312461,2.30777
-0.975036,1.23126,0.778158,-0.647956,20,0.132547,0.000294548,0.23912,131.815,0.000312448,2.99059
-0.965489,1.24081,0.778266,-0.647956,20,0.157809,0.000350687,0.243953,134.479,0.000312505,3.45419
-0.955943,1.25036,0.778374,-0.648062,20,0.170768,0.000379484,0.245871,135.536,0.000312502,3.61411
-0.946396,1.2599,0.778482,-0.647996,20,0.171062,0.000380138,0.247368,136.361,0.000312484,3.5471
-0.936847,1.26945,0.77859,-0.648075,20,0.187474,0.000416609,0.248134,136.784,0.00031246,3.92043
-0.925032,1.28127,0.778724,-2.25342,30,0.219665,0.000488144,0.249498,137.536,0.000312148,4.62269
-0.915207,1.29109,0.779442,-17.0946,10,0.200153,0.000444784,0.261841,144.34,0.000310851,4.26932
-0.904905,1.30139,0.784913,-31.2304,30,0.337046,0.000748992,0.249118,137.326,0.000312569,6.10914
-0.893036,1.31326,0.792885,-33.8887,20,0.398508,0.000885574,0.273167,150.583,0.000312495,6.28192
-0.883564,1.32274,0.799248,-33.8921,20,0.287523,0.00063894,0.317739,175.154,0.000312499,4.54064
-0.874092,1.33221,0.805611,-33.8921,20,0.0807509,0.000179446,0.358711,197.739,0.000312528,2.1736
-0.86462,1.34168,0.811974,-33.8501,20,-0.148,-0.000328889,0.377541,208.119,0.000312532,2.31061
-0.85514,1.35116,0.818322,-33.247,20,-0.367559,-0.000816797,0.372007,205.069,0.000312584,5.00923
-0.845539,1.36076,0.824482,-32.2112,20,-0.528835,-0.00117519,0.352939,194.558,0.000312577,7.21884
-0.835838,1.37046,0.830483,-31.6678,20,-0.645587,-0.00143464,0.334438,184.359,0.000312555,8.78005
-0.826122,1.38018,0.83646,-31.5973,20,-0.752303,-0.00167178,0.315737,174.05,0.00031253,10.0717
-0.816406,1.38989,0.842436,-31.5956,20,-0.851969,-0.00189326,0.297655,164.082,0.000312509,11.1645
-0.806688,1.39961,0.848414,-31.5961,20,-0.945436,-0.00210097,0.280512,154.632,0.000312509,12.1019
-0.794719,1.41158,0.855776,-31.5953,30,-1.05115,-0.00233589,0.260665,143.692,0.000312526,13.0748
-0.783869,1.42243,0.862449,-31.5947,20,-1.14178,-0.00253728,0.243073,133.994,0.000312525,13.8564
-0.774078,1.43222,0.868472,-31.5956,20,-1.21691,-0.00270424,0.227284,125.29,0.000312544,14.4621
-0.764362,1.44194,0.874448,-31.5956,20,-1.28832,-0.00286293,0.21133,116.496,0.000312478,15.0129
-0.754645,1.45165,0.880425,-31.5956,20,-1.35913,-0.00302028,0.194422,107.175,0.000312503,15.5401
-0.744931,1.46137,0.8864,-31.4804,20,-1.43614,-0.00319141,0.174823,96.3711,0.000312539,16.0975
-0.7352,1.4711,0.892332,-30.8039,20,-1.54203,-0.00342673,0.146375,80.6893,0.000312526,16.8359
-0.72565,1.48065,0.897895,-30.2509,20,-1.51723,-0.00337162,0.152194,83.897,0.000312555,16.5609
-0.716954,1.48935,0.902973,-30.312,20,-1.53776,-0.00341724,0.146137,80.5579,0.000312519,16.7387
-0.707049,1.49925,0.90877,-30.3416,20,-1.57271,-0.00349492,0.137689,75.9011,0.000312533,16.9748
-0.697213,1.50909,0.914528,-30.3114,20,-1.6099,-0.00357756,0.128353,70.7547,0.000312535,17.2205
-0.686211,1.52009,0.920953,-30.3697,24,-1.65101,-0.00366892,0.116982,64.4862,0.000312539,17.4896
-0.675277,1.53102,0.927382,-30.3709,26,-1.69468,-0.00376595,0.105024,57.8944,0.00031253,17.7691
-0.664155,1.54215,0.933878,-30.3129,20,-1.7367,-0.00385934,0.0916469,50.5204,0.000312508,18.0381
-0.654313,1.55199,0.939639,-30.3421,20,-1.77431,-0.00394291,0.0790936,43.6004,0.000312546,18.2757
-0.644456,1.56184,0.945409,-30.3444,20,-1.8134,-0.00402979,0.0653908,36.0467,0.000312523,18.5211
-0.634908,1.57139,0.950998,-30.3417,20,-1.85398,-0.00411995,0.0507219,27.9605,0.000312534,18.7741
-0.62625,1.58005,0.956065,-30.3394,20,-1.8973,-0.00421623,0.0351783,19.3921,0.000312554,19.0474
-0.616332,1.58997,0.96187,-30.1176,20,-1.96349,-0.00436332,0.0120485,6.64173,0.000312542,19.4773
-0.606455,1.59985,0.967548,-29.5178,20,-2.02047,-0.00448992,-0.0119849,-6.6067,0.000312547,19.7668
-0.594716,1.61158,0.974109,-29.1552,30,-2.00197,-0.00444882,-0.0146047,-8.05085,0.000312525,19.6143
-0.582951,1.62335,0.98066,-29.108,20,-2.01347,-0.00447437,-0.0259018,-14.2784,0.000312518,19.6915
-0.572965,1.63333,0.986219,-29.1089,20,-2.03685,-0.00452634,-0.0381351,-21.022,0.000312484,19.8314
-0.563479,1.64282,0.991502,-29.1069,20,-2.06607,-0.00459127,-0.0515835,-28.4354,0.00031251,20.0035
-0.554538,1.65176,0.996479,-29.1054,20,-2.0995,-0.00466555,-0.065972,-36.3671,0.000312501,20.2014
-0.544486,1.66181,1.00208,-29.1066,20,-2.14301,-0.00476225,-0.0841242,-46.3734,0.00031258,20.4555
-0.534721,1.67158,1.00751,-29.106,20,-2.19326,-0.00487391,-0.104468,-57.5877,0.000312556,20.7492
-0.525992,1.68031,1.01237,-29.1065,20,-2.24977,-0.00499948,-0.126468,-69.7157,0.000312525,21.0835
-0.51599,1.69031,1.01794,-29.09,20,-2.3371,-0.00519356,-0.158581,-87.4178,0.000312703,21.6007
-0.50598,1.70032,1.02351,-28.3989,20,-2.50709,-0.00557131,-0.214846,-118.434,0.000312901,22.6502
-0.497065,1.70923,1.02817,-26.7409,20,-2.5618,-0.00569288,-0.250094,-137.864,0.000312518,22.698
-0.484715,1.72159,1.03422,-26.1417,30,-2.36164,-0.00524809,-0.208431,-114.897,0.000312439,21.5434
-0.473195,1.73311,1.03989,-26.2039,20,-2.32457,-0.00516571,-0.211741,-116.722,0.000312756,21.3825
-0.463171,1.74313,1.04482,-26.2051,20,-2.3251,-0.00516689,-0.219529,-121.016,0.000312337,21.3966
-0.454118,1.75218,1.04928,-26.2028,20,-2.34126,-0.0052028,-0.229887,-126.725,0.000312641,21.4956
-0.444097,1.7622,1.05421,-26.2049,20,-2.37248,-0.00527219,-0.24444,-134.747,0.000312521,21.6726
-0.435017,1.77128,1.05868,-26.2049,20,-2.41118,-0.00535818,-0.260734,-143.73,0.000312736,21.8928
-0.42501,1.78129,1.0636,-26.2051,20,-2.46524,-0.0054783,-0.282279,-155.606,0.00031237,22.1962
-0.415931,1.79037,1.06807,-26.2049,20,-2.52887,-0.0056197,-0.306863,-169.158,0.000312413,22.5564
-0.405922,1.80038,1.073,-26.2048,20,-2.62467,-0.0058326,-0.342431,-188.765,0.000312373,23.0984
-0.396798,1.8095,1.07749,-25.5425,20,-2.77499,-0.00616664,-0.395469,-218.002,0.000312476,23.9959
-0.385596,1.8207,1.08271,-23.8649,26,-2.94937,-0.00655416,-0.46434,-255.967,0.000312646,24.7417
-0.374272,1.83203,1.08745,-22.6987,24,-2.72696,-0.00605992,-0.417841,-230.335,0.000312703,23.3906
-0.363187,1.84311,1.09208,-22.6523,20,-2.64322,-0.00587382,-0.412846,-227.581,0.000312594,23.0204
-0.353749,1.85255,1.09602,-22.6271,20,-2.62414,-0.00583141,-0.417409,-230.097,0.00031247,22.9452
-0.344271,1.86203,1.09997,-22.629,20,-2.63237,-0.00584971,-0.427666,-235.751,0.000312482,23.0038
-0.33463,1.87167,1.10399,-22.6265,20,-2.66353,-0.00591895,-0.443345,-244.394,0.000312413,23.1828
-0.325206,1.88109,1.10792,-22.6255,20,-2.71492,-0.00603315,-0.464403,-256.002,0.000312672,23.4705
-0.315661,1.89064,1.11189,-22.6252,20,-2.80261,-0.00622803,-0.495471,-273.128,0.00031239,23.9609
-0.306147,1.90015,1.11586,-22.0438,20,-2.9699,-0.00659977,-0.549894,-303.129,0.000312672,24.9288
-0.296907,1.90939,1.11949,-20.5906,20,-3.06432,-0.0068096,-0.597064,-329.131,0.000312824,25.1992
-0.286763,1.91954,1.12314,-19.7872,20,-2.84842,-0.00632981,-0.545874,-300.913,0.000312571,23.9677
-0.275073,1.93123,1.12734,-19.7715,30,-2.75406,-0.00612013,-0.536926,-295.98,0.000312578,23.5311
-0.263257,1.94304,1.13159,-19.7713,20,-2.6801,-0.00595577,-0.526032,-289.975,0.000312259,23.1291
-0.253877,1.95242,1.13496,-20.6458,20,-2.5614,-0.005692,-0.49753,-274.264,0.000312191,22.3992
-0.243416,1.96288,1.13907,-25.6679,20,-2.10453,-0.00467674,-0.391508,-215.819,0.000312349,19.383
-0.233836,1.97246,1.14459,-25.4761,20,-4.33102,-0.00962448,-1.14093,-628.938,0.000312197,33.3292
-0.22466,1.98164,1.148,-17.9991,20,-4.20296,-0.00933991,-1.13473,-625.519,0.000312792,30.1641
-0.215819,1.99048,1.15045,-15.1898,20,-3.42103,-0.00760229,-0.934239,-514.999,0.000312843,26.2174
-0.205886,2.00041,1.1531,-14.9539,20,-3.07903,-0.00684229,-0.879345,-484.739,0.000312569,24.924
-0.196455,2.00984,1.15562,-14.9536,20,-2.98348,-0.00662995,-0.865222,-476.954,0.000312448,24.6001
-0.186966,2.01933,1.15815,-14.9529,20,-3.02215,-0.00671589,-0.878034,-484.016,0.000312571,24.8935
-0.174949,2.03135,1.16136,-14.434,30,-3.25038,-0.00722307,-0.948084,-522.631,0.00031274,26.1828
-0.162941,2.04336,1.16434,-12.0159,20,-3.81647,-0.00848104,-1.11416,-614.183,0.00031284,28.9731
-0.153969,2.05233,1.16583,-8.93816,20,-3.27949,-0.00728775,-0.968068,-533.647,0.000312399,25.572
-0.143846,2.06245,1.16734,-8.49855,20,-2.89546,-0.00643436,-0.887522,-489.247,0.000312681,23.9048
-0.13484,2.07146,1.16869,-8.4997,20,-2.74102,-0.00609116,-0.850763,-468.983,0.00031244,23.2222
-0.124702,2.0816,1.1702,-8.49882,20,-2.66996,-0.00593324,-0.82748,-456.148,0.000312426,22.9188
-0.115544,2.09076,1.17157,-8.49833,20,-2.66804,-0.00592897,-0.818847,-451.389,0.000312422,22.9462
-0.106244,2.10006,1.17296,-8.49847,20,-2.71315,-0.00602922,-0.821889,-453.067,0.000312459,23.2253
-0.0961381,2.11016,1.17447,-8.49573,20,-2.82055,-0.00626788,-0.84349,-464.974,0.000312451,23.8482
-0.0871155,2.11918,1.17582,-7.32691,20,-3.02357,-0.00671904,-0.896672,-494.291,0.000312683,25.0379
-0.074769,2.13153,1.17722,-4.72112,30,-3.22398,-0.0071644,-0.963802,-531.296,0.000312718,25.785
-0.0631788,2.14312,1.17779,-2.74396,20,-2.634,-0.00585332,-0.808093,-445.461,0.000312365,22.4519
-0.0536489,2.15265,1.17823,-2.61803,20,-2.40735,-0.00534967,-0.755549,-416.496,0.000312354,21.3694
-0.0441197,2.16218,1.17866,-2.61752,20,-2.26727,-0.00503839,-0.713808,-393.487,0.000312424,20.6479
-0.0346225,2.17168,1.1791,-2.61705,20,-2.1852,-0.00485601,-0.682004,-375.955,0.000312341,20.2094
-0.0251207,2.18118,1.17953,-2.61634,20,-2.13662,-0.00474804,-0.655965,-361.601,0.000312624,19.9469
-0.0149574,2.19134,1.18,-2.61826,20,-2.10565,-0.00467922,-0.632456,-348.641,0.000312724,19.7788
-0.00585731,2.20044,1.18041,-2.61846,20,-2.09008,-0.00464462,-0.614695,-338.851,0.000312331,19.7012
0.00365941,2.20996,1.18085,-2.61664,20,-2.08078,-0.00462395,-0.598741,-330.056,0.000312328,19.6617
0.0131903,2.21949,1.18128,-2.6176,20,-2.07532,-0.00461181,-0.584854,-322.401,0.000312441,19.6472
0.0250998,2.2314,1.18183,-2.6172,30,-2.07175,-0.00460389,-0.570212,-314.33,0.000312331,19.6481
0.0367977,2.2431,1.18236,-2.61649,20,-2.06925,-0.00459834,-0.558029,-307.614,0.000312537,19.6571
0.0470704,2.25337,1.18283,-2.61747,20,-2.0689,-0.00459755,-0.549274,-302.787,0.000312516,19.6737
0.056323,2.26262,1.18326,-2.61763,20,-2.06799,-0.00459553,-0.54219,-298.882,0.000312628,19.686
0.0657303,2.27203,1.18369,-2.618,20,-2.06836,-0.00459637,-0.536548,-295.772,0.000312415,19.706
0.0752642,2.28156,1.18412,-2.6173,20,-2.06954,-0.00459899,-0.531823,-293.167,0.000312455,19.7302
0.084793,2.29109,1.18456,-2.61652,20,-2.07227,-0.00460505,-0.528225,-291.184,0.000312325,19.761
0.09432,2.30062,1.18499,-2.61727,20,-2.0768,-0.00461511,-0.525737,-289.813,0.000312617,19.8015
0.103665,2.30997,1.18542,-2.61792,20,-2.08381,-0.00463068,-0.524525,-289.144,0.000312529,19.8573
0.113958,2.32026,1.18589,-2.6174,20,-2.09503,-0.00465561,-0.524667,-289.223,0.000312717,19.9367
0.123154,2.32945,1.18631,-2.61687,20,-2.10828,-0.00468507,-0.52608,-290.001,0.000312434,20.0259
0.134952,2.34125,1.18685,-2.6175,30,-2.13409,-0.00474242,-0.531065,-292.75,0.000312658,20.1952
0.146868,2.35317,1.1874,-2.61843,20,-2.17259,-0.00482798,-0.540372,-297.88,0.000312331,20.44
0.156398,2.3627,1.18783,-2.5699,20,-2.22395,-0.00494211,-0.554415,-305.621,0.000312287,20.7665
0.165933,2.37223,1.18825,-1.84905,20,-2.33201,-0.00518225,-0.584281,-322.085,0.00031255,21.4444
0.175479,2.38178,1.18845,-0.738653,20,-2.28846,-0.00508547,-0.580987,-320.269,0.000312625,21.0204
0.185028,2.39133,1.1885,-0.299975,20,-2.14962,-0.00477693,-0.545393,-300.648,0.000312624,20.1898
0.194575,2.40088,1.18855,-0.299236,20,-2.08672,-0.00463715,-0.531843,-293.178,0.000312415,19.8636
0.204123,2.41042,1.1886,-0.297953,20,-2.04906,-0.00455347,-0.521436,-287.442,0.000312391,19.6584
0.213671,2.41997,1.18865,-0.299544,20,-2.02874,-0.00450832,-0.514054,-283.372,0.000312512,19.5483
0.223218,2.42952,1.1887,-0.29929,20,-2.0202,-0.00448932,-0.508925,-280.545,0.00031226,19.5047
0.235153,2.44145,1.18876,-0.298725,30,-2.02072,-0.00449048,-0.505061,-278.415,0.000312597,19.5158
0.247088,2.45339,1.18882,-0.299778,20,-2.03063,-0.00451251,-0.503858,-277.752,0.000312611,19.5854
0.256635,2.46294,1.18887,-0.298554,20,-2.04576,-0.00454613,-0.505242,-278.515,0.000312498,19.6853
0.266183,2.47248,1.18892,-0.297231,20,-2.06821,-0.00459603,-0.5092,-280.697,0.000312407,19.8311
0.275733,2.48203,1.18897,-0.215333,20,-2.10491,-0.00467758,-0.518062,-285.582,0.000312521,20.0695
0.285288,2.49159,1.18899,0.384954,20,-2.17928,-0.00484284,-0.538295,-296.735,0.000312111,20.5484
0.294842,2.50114,1.18884,1.04428,20,-2.10658,-0.00468128,-0.520759,-287.069,0.000312457,19.9768
0.304391,2.51069,1.18864,1.18478,20,-2.04136,-0.00453635,-0.506192,-279.038,0.000312379,19.6228
0.313936,2.52024,1.18845,1.18389,20,-2.01077,-0.00446837,-0.498674,-274.894,0.000312753,19.4613
0.32348,2.52978,1.18825,1.18346,20,-1.99524,-0.00443388,-0.493712,-272.159,0.000312472,19.3796
0.333023,2.53932,1.18805,1.18424,20,-1.9897,-0.00442154,-0.490734,-270.517,0.000312277,19.3539
0.344953,2.55125,1.18781,1.1844,30,-1.99328,-0.00442952,-0.489452,-269.81,0.000312602,19.3859
0.356883,2.56318,1.18756,1.18478,20,-2.00497,-0.00445548,-0.490456,-270.364,0.000312364,19.4652
0.366427,2.57273,1.18736,1.18403,20,-2.02082,-0.00449071,-0.493352,-271.96,0.000312869,19.5687
0.37597,2.58227,1.18717,1.18325,20,-2.04244,-0.00453876,-0.498263,-274.667,0.000312364,19.7077
0.385512,2.59181,1.18697,1.18728,20,-2.07236,-0.00460525,-0.506194,-279.04,0.000312275,19.8992
0.395053,2.60135,1.18677,1.34601,20,-2.11944,-0.00470987,-0.519701,-286.485,0.000312479,20.207
0.404571,2.61087,1.18652,1.91822,20,-2.18098,-0.00484662,-0.53934,-297.311,0.000312594,20.5657
0.413661,2.61996,1.18615,2.41415,20,-2.12058,-0.0047124,-0.524742,-289.264,0.000312561,20.1077
0.423819,2.63012,1.18571,2.46736,20,-2.09303,-0.00465118,-0.521641,-287.555,0.000312693,19.9892
0.433324,2.63962,1.1853,2.4681,20,-2.09567,-0.00465705,-0.524228,-288.981,0.000312272,20.0218
0.445205,2.6515,1.18479,2.46922,30,-2.12604,-0.00472453,-0.534198,-294.477,0.000312437,20.2273
0.457115,2.66341,1.18427,2.62733,20,-2.19979,-0.00488842,-0.556305,-306.663,0.000312568,20.7034
0.466568,2.67287,1.18381,3.72882,20,-2.32442,-0.00516538,-0.594237,-327.573,0.000312611,21.4698
0.475802,2.6821,1.18306,4.96523,20,-2.20658,-0.00490351,-0.567201,-312.669,0.000312404,20.5335
0.485912,2.69221,1.18213,5.25105,20,-2.07838,-0.00461863,-0.539786,-297.557,0.000312304,19.826
0.495306,2.70161,1.18126,5.24913,20,-2.02748,-0.00450551,-0.529598,-291.941,0.000312621,19.5654
0.504658,2.71096,1.1804,5.24752,20,-2.00989,-0.00446643,-0.525411,-289.633,0.000312318,19.4876
0.514013,2.72031,1.17954,5.2508,20,-2.02162,-0.0044925,-0.52742,-290.74,0.000312336,19.5826
0.524118,2.73042,1.17862,5.59002,20,-2.07597,-0.00461326,-0.540708,-298.065,0.000312522,19.9566
0.535489,2.74179,1.17744,6.94725,30,-2.1886,-0.00486355,-0.572867,-315.793,0.000312453,20.6296
0.545112,2.75141,1.17606,8.57479,10,-1.99263,-0.00442807,-0.521314,-287.374,0.000312503,19.1446
0.554719,2.76102,1.17454,8.95544,30,-1.82259,-0.00405019,-0.482675,-266.075,0.000312446,18.198
0.566941,2.77324,1.17262,8.95383,20,-1.69316,-0.00376257,-0.449388,-247.725,0.000312649,17.438
0.57597,2.78227,1.17119,8.9469,20,-1.63236,-0.00362747,-0.42972,-236.883,0.000312666,17.0594
0.586068,2.79237,1.16961,8.72737,20,-1.57034,-0.00348965,-0.408287,-225.068,0.000312577,16.6467
0.595287,2.80159,1.16823,8.31335,20,-1.56268,-0.00347261,-0.398283,-219.554,0.000312691,16.6633
0.604949,2.81125,1.16685,8.15072,20,-1.59553,-0.00354563,-0.39937,-220.153,0.000312591,16.9031
0.614568,2.82087,1.16547,8.15857,20,-1.60765,-0.00357256,-0.394708,-217.583,0.000312675,16.9795
0.623699,2.83,1.16416,8.1565,20,-1.61377,-0.00358615,-0.390222,-215.11,0.000312956,17.023
0.63392,2.84022,1.16269,8.15479,20,-1.616,-0.00359112,-0.385231,-212.359,0.00031245,17.043
0.64282,2.84912,1.16142,8.15802,20,-1.6076,-0.00357244,-0.379173,-209.019,0.000312429,16.985
0.652908,2.85921,1.15997,7.03362,20,-1.56856,-0.0034857,-0.366006,-201.761,0.000312452,16.6872
0.664727,2.87103,1.15872,5.46612,30,-1.63906,-0.00364235,-0.377473,-208.082,0.000312396,17.3553
0.67621,2.88251,1.15774,8.23201,20,-2.26064,-0.00502365,-0.619494,-341.496,0.000312621,21.1788
0.685921,2.89222,1.15565,12.1606,20,-1.62636,-0.00361413,-0.441753,-243.516,0.000312575,16.7814
0.695679,2.90198,1.15355,12.161,20,-1.40271,-0.00311713,-0.397615,-219.185,0.000312832,15.4372
0.704886,2.91119,1.15156,46.9629,20,-1.007,-0.00223777,-0.352556,-194.346,0.000312393,14.2241
0.71283,2.91913,1.13518,14.8144,100,-0.189573,-0.000421273,-0.262166,-144.519,0.000191259,2.86891
0.724177,2.93048,1.14646,-23.7218,40,-0.801026,-0.00178006,-0.370437,-204.203,0.000237547,10.0626
0.734192,2.94049,1.14457,11.1436,40,-0.853858,-0.00189746,-0.355602,-196.025,0.000252593,9.18498
0.743367,2.94967,1.14268,10.3739,40,-0.802979,-0.0017844,-0.341548,-188.278,0.000292609,9.1416
0.754495,2.9608,1.14085,13.3308,50,-0.919589,-0.00204353,-0.348712,-192.227,0.000310777,10.5046
0.766094,2.97239,1.1373,11.6044,50,-0.626714,-0.0013927,-0.313084,-172.588,0.000312443,7.49371
0.776206,2.98251,1.13639,12.8097,30,-0.978422,-0.00217427,-0.342854,-188.999,0.00031242,11.0488
0.785073,2.99137,1.13298,15.4224,50,-0.591542,-0.00131454,-0.303335,-167.213,0.000312528,7.15578
0.796067,3.00237,1.13091,12.0412,40,-0.724637,-0.0016103,-0.309468,-170.594,0.000312408,8.49831
0.805516,3.01182,1.12862,13.7696,40,-0.711843,-0.00158187,-0.303893,-167.521,0.000312403,8.48041
0.815465,3.02177,1.12616,13.9812,40,-0.703519,-0.00156338,-0.298727,-164.673,0.000312518,8.27245
0.824471,3.03077,1.1239,14.2482,40,-0.692867,-0.0015397,-0.294452,-162.317,0.000312568,8.12195
0.8344,3.0407,1.12135,14.6542,40,-0.673091,-0.00149576,-0.287973,-158.745,0.000312519,7.98098
0.843858,3.05016,1.11883,15.0489,40,-0.643731,-0.00143051,-0.279359,-153.997,0.000312494,7.73792
0.853309,3.05961,1.11627,13.8808,40,-0.616279,-0.00136951,-0.271881,-149.875,0.00031245,7.45432
0.864357,3.07066,1.11376,16.671,50,-0.714748,-0.00158833,-0.266552,-146.937,0.000312575,8.77557
0.875908,3.08221,1.1095,16.8662,50,-0.450861,-0.00100191,-0.257033,-141.69,0.00031437,6.23346
0.886758,3.09306,1.10697,14.5987,40,-0.544305,-0.00120957,-0.251052,-138.392,0.000315366,7.58172
0.89651,3.10281,1.10413,16.4427,40,-0.524823,-0.00116627,-0.244865,-134.982,0.000315425,7.57387
0.905959,3.11226,1.10131,16.7486,40,-0.502683,-0.00111707,-0.238285,-131.355,0.000315393,7.53201
0.915436,3.12174,1.09844,16.9027,40,-0.484311,-0.00107625,-0.232564,-128.201,0.000315462,7.51276
0.925007,3.13131,1.09552,16.9987,40,-0.468637,-0.00104141,-0.227411,-125.36,0.000315353,7.50743
0.934339,3.14064,1.09266,17.1018,40,-0.457813,-0.00101736,-0.223455,-123.18,0.000313402,7.53173
0.944035,3.15033,1.08966,17.3551,40,-0.449488,-0.000998862,-0.220373,-121.481,0.000312452,7.56978
0.953612,3.15991,1.08664,16.436,40,-0.439722,-0.000977161,-0.217585,-119.944,0.000312368,7.60361
0.964515,3.17081,1.08362,18.0986,50,-0.513548,-0.00114122,-0.202016,-111.362,0.000312526,8.42032
0.975096,3.1814,1.07961,20.8198,40,-0.395972,-0.000879938,-0.206543,-113.857,0.000312543,7.49785
0.985669,3.19197,1.07558,18.3934,50,-0.290505,-0.000645566,-0.214869,-118.446,0.000312611,6.73586
0.996545,3.20284,1.07248,17.2201,40,-0.369742,-0.00082165,-0.198968,-109.681,0.000312429,7.55783
1.00609,3.21239,1.06925,18.9371,40,-0.362003,-0.000804452,-0.195637,-107.845,0.000312274,7.59875
1.01566,3.22196,1.06592,19.253,40,-0.344576,-0.000765724,-0.190671,-105.107,0.000312478,7.56076
1.02527,3.23157,1.06255,19.398,40,-0.329062,-0.000731249,-0.186083,-102.578,0.000312535,7.54605
1.03479,3.24109,1.05919,19.491,40,-0.315274,-0.000700609,-0.181899,-100.272,0.000312525,7.53262
1.04434,3.25064,1.0558,19.5662,40,-0.302959,-0.000673242,-0.178265,-98.2687,0.000312548,7.52524
1.05391,3.26021,1.05239,19.3439,40,-0.290991,-0.000646647,-0.174997,-96.467,0.00031249,7.51139
1.06364,3.26994,1.04903,18.8668,42,-0.297745,-0.000661655,-0.167595,-92.3866,0.000312525,7.59179
1.07454,3.28084,1.04534,20.5441,48,-0.318193,-0.000707095,-0.15056,-82.9963,0.000312526,7.71692
1.08492,3.29122,1.04105,22.6952,40,-0.22839,-0.000507533,-0.162365,-89.5036,0.000312398,7.1534
1.09546,3.30176,1.03659,20.4993,50,-0.139652,-0.000310339,-0.180472,-99.485,0.000312414,6.68318
1.10653,3.31283,1.03297,19.3117,40,-0.19549,-0.000434421,-0.155593,-85.7709,0.000312334,7.01745
1.1158,3.3221,1.02947,20.8426,40,-0.186279,-0.000413953,-0.152748,-84.2025,0.000312534,6.99502
1.1256,3.3319,1.02571,21.0185,40,-0.172749,-0.000383886,-0.148569,-81.8988,0.00031235,6.91982
1.13501,3.34131,1.02208,21.1393,40,-0.164096,-0.000364657,-0.144791,-79.8159,0.000312539,6.88394
1.1446,3.3509,1.01837,21.2427,40,-0.158419,-0.000352043,-0.141451,-77.975,0.000312496,6.88549
1.15411,3.36041,1.01466,20.9493,40,-0.155439,-0.00034542,-0.138385,-76.2846,0.000312488,6.90586
1.16398,3.37028,1.01094,20.3738,42,-0.170079,-0.000377952,-0.129556,-71.4176,0.000312502,7.00363
1.17483,3.38113,1.00697,21.9364,48,-0.201288,-0.000447307,-0.110712,-61.03,0.000312409,7.09421
1.18506,3.39136,1.00245,23.3186,40,-0.139134,-0.000309187,-0.128782,-70.991,0.000312409,6.82041
1.1952,3.4015,0.998186,22.691,44,-0.105875,-0.000235278,-0.137422,-75.7539,0.000312446,6.65428
1.20585,3.41215,0.99376,21.3918,46,-0.0915156,-0.000203368,-0.139635,-76.9738,0.000312496,6.57723
1.21615,3.42245,0.989975,21.0846,40,-0.130978,-0.000291063,-0.119613,-65.9367,0.000312526,6.66578
1.22574,3.43204,0.986094,22.0575,40,-0.131221,-0.000291603,-0.116268,-64.0925,0.000312488,6.59628
1.23531,3.44161,0.982213,22.1411,40,-0.13481,-0.000299577,-0.113254,-62.431,0.0003125,6.54696
1.24487,3.45117,0.978311,22.2215,40,-0.138738,-0.000308307,-0.109914,-60.5899,0.000312463,6.48086
1.25439,3.46069,0.97442,22.2294,40,-0.144066,-0.000320147,-0.106374,-58.6389,0.000312446,6.40987
1.2639,3.4702,0.970533,21.9818,40,-0.151453,-0.000336562,-0.102985,-56.7707,0.000312485,6.34155
1.27379,3.48009,0.966588,21.1063,42,-0.173138,-0.00038475,-0.0941457,-51.8978,0.000312466,6.34566
1.28451,3.49081,0.962575,22.482,48,-0.21375,-0.000475,-0.0773176,-42.6213,0.000312529,6.45675
1.29497,3.50127,0.957821,24.5828,40,-0.176891,-0.00039309,-0.0927356,-51.1205,0.00031249,6.05256
1.30559,3.51189,0.952933,22.2395,50,-0.134218,-0.000298262,-0.109518,-60.3719,0.000312476,5.46287
1.31642,3.52272,0.949053,20.8303,40,-0.195882,-0.000435294,-0.0845775,-46.6234,0.000312492,5.71705
1.32605,3.53235,0.945148,22.1127,40,-0.203541,-0.000452314,-0.081606,-44.9853,0.000312488,5.58672
1.33556,3.54186,0.941276,22.0967,40,-0.211133,-0.000469184,-0.0787552,-43.4138,0.000312489,5.47479
1.34505,3.55135,0.937434,21.8904,40,-0.218773,-0.000486162,-0.0762319,-42.0228,0.000312488,5.37486
1.3546,3.5609,0.933624,21.8536,40,-0.224478,-0.000498841,-0.0741227,-40.8601,0.00031249,5.29628
1.36415,3.57045,0.929775,21.8593,40,-0.226825,-0.000504055,-0.0720799,-39.734,0.000312509,5.20829
1.37371,3.58001,0.925958,20.2788,40,-0.226296,-0.000502879,-0.0701253,-38.6565,0.000312522,5.12401
1.38456,3.59086,0.922234,21.4187,50,-0.27129,-0.000602867,-0.0503647,-27.7636,0.000312468,5.66084
1.39531,3.60161,0.917485,22.8637,40,-0.211736,-0.000470524,-0.0655954,-36.1595,0.000312513,4.96679
1.40462,3.61092,0.913776,25.5738,40,-0.199226,-0.000442725,-0.0629973,-34.7273,0.000312407,4.92911
1.41534,3.62164,0.907902,35.4903,50,-0.122222,-0.000271605,-0.0757849,-41.7764,0.000311987,4.13546
1.42602,3.63232,0.898517,46.755,60,0.0483895,0.000107532,-0.0758125,-41.7917,0.000311913,2.35554
1.43486,3.64116,0.887143,51.0118,92,0.0846361,0.00018808,-0.0473211,-26.0858,0.000374081,2.40845
1.44387,3.65017,0.876459,49.0531,86,0.11509,0.000255755,0.066971,36.9177,0.000663488,3.73917
1.45407,3.66037,0.864999,31.2863,20,0.129667,0.000288149,0.0634068,34.953,0.000748812,3.79834
1.46369,3.66999,0.864413,3.48565,20,0.322615,0.000716923,0.0373759,20.6035,0.000508079,6.58052
1.47407,3.68037,0.863781,3.48556,20,0.469747,0.00104388,0.0229701,12.6623,0.000392089,8.13447
1.48359,3.68989,0.863201,3.48563,20,0.542375,0.00120528,0.0311277,17.1591,0.000310795,8.71938
1.49307,3.69937,0.862624,3.48568,20,0.520037,0.00115564,0.0617107,34.018,0.000312435,8.30809
1.50496,3.71126,0.8619,3.48572,30,0.384549,0.000854553,0.115525,63.6829,0.000312507,6.4408
1.51642,3.72272,0.861201,3.48566,20,0.230439,0.000512088,0.158776,87.5252,0.000312523,4.15098
1.5266,3.7329,0.860582,3.48564,20,0.12059,0.000267977,0.181248,99.9129,0.000312496,2.32933
1.5361,3.7424,0.860003,3.48568,20,0.0476031,0.000105785,0.192041,105.863,0.000312502,1.12023
1.54558,3.75188,0.859425,3.48569,20,-0.00275725,-6.12723e-06,0.197275,108.748,0.000312493,0.645403
1.5551,3.7614,0.858845,3.48558,20,-0.0366426,-8.1428e-05,0.199615,110.038,0.000312521,0.79335
1.5645,3.7708,0.858273,3.48535,20,-0.0584949,-0.000129989,0.200652,110.609,0.000312495,1.20888
1.5737,3.78,0.857713,3.48577,20,-0.0728637,-0.000161919,0.20136,111,0.000312473,1.50377
1.584,3.7903,0.857085,3.48591,20,-0.0863965,-0.000191992,0.202056,111.383,0.000312501,1.77929
1.59333,3.79963,0.856517,3.48566,20,-0.0934982,-0.000207774,0.203119,111.97,0.000312522,1.93126
1.60522,3.81152,0.855793,3.48569,30,-0.101039,-0.00022453,0.205302,113.173,0.000312516,2.08837
1.61669,3.82299,0.855094,3.48572,20,-0.109315,-0.000242922,0.208358,114.857,0.00031254,2.25687
1.62686,3.83316,0.854474,3.48562,20,-0.118617,-0.000263594,0.212099,116.92,0.000312534,2.4316
1.63636,3.84266,0.853896,3.48553,20,-0.132067,-0.000293482,0.216134,119.144,0.000312508,2.67933
1.64584,3.85214,0.853318,3.48569,20,-0.147422,-0.000327605,0.22072,121.672,0.000312503,2.96664
1.65536,3.86166,0.852738,3.48539,20,-0.164909,-0.000366465,0.225762,124.451,0.000312519,3.28687
1.66476,3.87106,0.852166,3.47139,20,-0.1836,-0.000407999,0.231111,127.4,0.000312505,3.62058
1.67401,3.88031,0.851607,3.45522,20,-0.20128,-0.000447288,0.236642,130.449,0.000312514,3.93914
1.68429,3.89059,0.850987,3.4679,20,-0.221623,-0.000492496,0.242878,133.886,0.000312504,4.29599
1.69359,3.89989,0.85042,3.4848,20,-0.239732,-0.000532739,0.248806,137.154,0.0003125,4.6195
1.70311,3.90941,0.849841,3.48519,20,-0.256139,-0.000569199,0.254875,140.5,0.000312495,4.93409
1.71493,3.92123,0.849121,3.48517,30,-0.274859,-0.000610798,0.262588,144.752,0.000312498,5.30658
1.72652,3.93282,0.848415,3.48519,20,-0.288951,-0.000642114,0.270388,149.051,0.0003125,5.61861
1.7368,3.9431,0.847789,3.48526,20,-0.298781,-0.000663959,0.277198,152.806,0.000312475,5.85237
1.7461,3.9524,0.847222,3.48534,20,-0.303304,-0.000674009,0.283702,156.391,0.000312506,5.9989
1.75562,3.96192,0.846643,3.48525,20,-0.3013,-0.000669557,0.290577,160.181,0.00031249,6.05217
1.76512,3.97142,0.846064,3.48531,20,-0.292687,-0.000650416,0.297893,164.213,0.000312511,6.00038
1.77421,3.98051,0.84551,3.48519,20,-0.277173,-0.000615939,0.305443,168.376,0.000312549,5.85317
1.78439,3.99069,0.844891,3.48523,20,-0.250367,-0.00055637,0.31477,173.517,0.000312475,5.53821
1.7939,4.0002,0.844311,3.25105,20,-0.214675,-0.000477054,0.32451,178.886,0.000312401,5.1152
1.80338,4.00968,0.843812,-0.311511,20,-0.160532,-0.000356739,0.336415,185.449,0.000312193,4.42427
1.81292,4.01922,0.844415,-5.93501,20,-0.172168,-0.000382595,0.342865,189.005,0.000312293,4.82232
1.8253,4.0316,0.84609,-7.10751,30,-0.213952,-0.000475449,0.343906,189.578,0.000312475,5.44049
1.83684,4.04314,0.847397,-9.07512,20,-0.161565,-0.000359032,0.35102,193.5,0.000312536,4.93219
1.84672,4.05302,0.849512,-12.6063,20,-0.207212,-0.000460472,0.348534,192.129,0.000312324,5.4799
1.85632,4.06262,0.851754,-86.0747,20,-0.065017,-0.000144482,0.351952,194.013,0.000312417,5.54977
1.86609,4.07239,1.13173,-86.0021,60,1.71502,0.00381115,0.350506,193.217,0.000306002,19.6682
1.87557,4.08187,1.12714,-0.716567,50,-3.0148,-0.00669955,-0.238337,-131.383,0.000312265,28.8786
1.88402,4.09032,1.13195,-37.1494,30,-1.70231,-0.0037829,0.0183543,10.1178,0.000312997,24.9308
1.8941,4.1004,1.14118,-23.8799,20,-1.77449,-0.00394331,0.457685,252.299,0.000312468,19.366
1.90361,4.10991,1.14063,4.02135,20,-1.78105,-0.0039579,0.473936,261.257,0.000312708,18.1963
1.91518,4.12148,1.1397,4.71767,30,-1.57948,-0.00350995,0.497392,274.187,0.000312393,16.9277
1.92491,4.13121,1.13887,4.69651,10,-1.41633,-0.0031474,0.521565,287.513,0.000312425,15.8538
1.93484,4.14114,1.13808,4.04067,30,-1.291,-0.00286888,0.54245,299.025,0.000312417,14.9798
1.94659,4.15289,1.13734,3.32733,20,-1.20044,-0.00266765,0.555723,306.342,0.000312339,14.376
1.95613,4.16243,1.13685,2.39737,20,-1.11172,-0.00247049,0.573955,316.393,0.000312509,13.6849
1.96569,4.17199,1.13654,1.30863,20,-1.07254,-0.00238343,0.581198,320.385,0.00031269,13.4088
1.97527,4.18157,1.13641,0.211541,20,-1.03577,-0.0023017,0.591411,326.015,0.000312256,13.1483
1.98484,4.19114,1.13647,-1.06528,20,-1.00583,-0.00223517,0.598609,329.983,0.000312422,12.8851
1.9944,4.2007,1.13676,-2.15418,20,-1.02719,-0.00228264,0.593676,327.264,0.000312423,13.1288
2.00394,4.21024,1.13719,-2.91742,20,-1.01959,-0.00226576,0.598039,329.669,0.000312381,13.0473
2.01344,4.21974,1.13773,-4.00088,20,-0.995742,-0.00221276,0.60314,332.481,0.000312523,12.8256
2.02294,4.22924,1.13851,-5.10726,20,-1.01966,-0.0022659,0.597412,329.323,0.000312394,13.094
2.03536,4.24166,1.13969,-5.86767,30,-1.01979,-0.0022662,0.597874,329.578,0.000312359,13.0626
2.04669,4.25299,1.14095,18.1282,20,-0.915757,-0.00203502,0.601119,331.367,0.000312266,12.9974
2.05743,4.26373,1.13247,31.2584,30,-1.15835,-0.00257412,0.0945869,52.141,0.000312552,16.6604
2.06575,4.27205,1.12938,1.84907,40,-1.81842,-0.00404094,-0.147622,-81.3764,0.000312545,18.2565
2.07554,4.28184,1.13188,-14.8083,40,-1.77808,-0.00395128,-0.103567,-57.0915,0.00031247,17.5213
2.08472,4.29102,1.1344,-15.4887,40,-1.73198,-0.00384885,-0.0854413,-47.0995,0.000312503,17.3041
2.09456,4.30086,1.13715,-16.2286,40,-1.70622,-0.00379159,-0.0676645,-37.3001,0.000312535,17.131
2.10389,4.31019,1.13998,-17.1922,40,-1.64373,-0.00365273,-0.0415971,-22.9304,0.000312545,16.749
2.11377,4.32007,1.1431,-13.8643,40,-1.59791,-0.0035509,-0.020841,-11.4886,0.000312348,16.5373
2.1244,4.3307,1.14504,-19.1816,50,-1.73104,-0.00384676,-0.132071,-72.8042,0.000312526,17.3078
2.13505,4.34135,1.1505,-23.6654,40,-1.56049,-0.00346775,0.0142599,7.86077,0.000312636,16.2222
2.14462,4.35092,1.1539,-22.3614,40,-1.50446,-0.00334324,0.0345173,19.0277,0.000312473,15.7425
2.15522,4.36152,1.1588,-20.6173,50,-1.27643,-0.00283651,0.179959,99.2022,0.00031561,13.8961
2.16584,4.37214,1.16189,-20.0353,40,-1.27913,-0.00284251,0.0907616,50.0323,0.000378363,13.3729
2.17558,4.38188,1.16622,-34.3091,40,-1.03614,-0.00230253,0.125334,69.0904,0.000465801,10.997
2.18729,4.39359,1.17652,-41.3476,130,-0.242245,-0.000538322,0.21672,119.467,0.000763705,8.44556
